지역구,행정구역,X2,X3,X4,X5,X6,X7,X8,X9,x10,x11,x12,x13,Degree
강남구,개포1동,806,194,1096,49,75,16,25,0,4,0,0,1,1
강남구,개포2동,624,690,3032,120,295,119,360,8,9,3,1,2,2
강남구,개포4동,1939,2034,11667,705,713,205,637,10,19,6,4,3,3
강남구,논현1동,6619,5269,40662,1309,2328,779,3858,18,100,12,10,6,4
강남구,논현2동,4246,5349,58471,1157,2344,886,4344,15,131,30,6,6,4
강남구,대치1동,389,1098,6938,162,588,155,959,10,18,12,5,7,4
강남구,대치2동,1605,4141,62562,1062,1794,522,2764,16,88,13,4,9,2
강남구,대치4동,3958,3639,28207,710,1618,686,3245,25,101,25,8,9,2
강남구,도곡1동,1726,1527,17284,339,669,225,1025,8,40,9,2,3,2
강남구,도곡2동,1365,1825,21955,475,747,255,1386,4,39,13,2,6,2
강남구,삼성1동,1289,3921,61996,1323,1284,648,5998,14,88,24,3,7,4
강남구,삼성2동,3908,3610,40771,730,1585,488,2301,17,73,19,3,4,4
강남구,세곡동,4186,910,5798,244,341,172,641,15,32,6,2,8,3
강남구,수서동,2716,1445,19272,482,475,198,1045,9,28,9,2,3,3
강남구,신사동,2042,4195,26876,1065,1758,783,4308,16,127,34,5,4,4
강남구,압구정동,1751,4060,28429,1170,1658,728,4150,13,90,28,6,3,1
강남구,역삼1동,11588,15733,156652,3374,7328,2390,13494,56,340,50,29,14,4
강남구,역삼2동,3957,3255,38543,670,1351,491,1929,16,103,11,6,7,2
강남구,일원1동,2442,861,5483,193,355,181,563,9,21,3,8,2,2
강남구,일원2동,1631,573,8953,164,233,73,203,2,8,3,1,4,2
강남구,일원본동,906,457,9629,94,224,52,491,2,11,6,1,5,3
강남구,청담동,3034,4253,37515,1100,1676,678,4640,12,71,27,2,5,2
강동구,강일동,1704,627,17732,118,297,94,510,7,10,10,4,2,3
강동구,고덕1동,1128,552,2284,110,218,95,250,6,15,9,1,3,1
강동구,고덕2동,1100,413,1735,115,125,87,234,9,6,1,1,3,1
강동구,길동,5567,3393,17878,872,1067,792,2579,27,61,22,10,9,4
강동구,둔촌1동,45,18,340,8,5,0,0,0,0,0,0,0,1
강동구,둔촌2동,2148,1354,9471,333,487,245,822,11,36,7,8,6,4
강동구,명일1동,1246,1527,6405,439,565,336,1039,12,43,14,6,7,4
강동구,명일2동,547,1024,4209,261,470,150,666,6,19,13,9,3,3
강동구,상일동,742,695,5264,170,206,161,499,8,12,2,2,1,1
강동구,성내1동,1572,1920,19353,535,610,316,1012,5,59,9,1,5,2
강동구,성내2동,4360,1713,7283,418,575,373,1008,21,39,26,9,3,3
강동구,성내3동,2610,2244,10221,581,757,490,1464,19,58,22,12,7,4
강동구,암사1동,4256,1484,5324,388,469,305,770,14,27,16,8,8,4
강동구,암사2동,1282,669,3999,146,275,123,414,6,16,6,3,0,1
강동구,암사3동,654,452,2059,133,192,47,135,2,7,4,0,2,1
강동구,천호1동,3377,1207,5257,317,416,210,626,16,18,8,4,3,3
강동구,천호2동,5536,3411,14608,1310,894,675,2287,14,56,16,9,2,3
강동구,천호3동,4252,1654,7153,510,510,335,993,21,24,11,10,7,3
강북구,미아동,4077,1487,6346,319,466,375,986,15,34,16,7,1,3
강북구,번1동,3984,1635,8932,386,523,365,1305,9,35,5,5,3,2
강북구,번2동,1981,491,3594,115,177,69,144,4,10,3,2,0,1
강북구,번3동,1675,482,2368,100,194,84,245,7,14,4,2,5,3
강북구,삼각산동,1879,598,2225,122,268,119,274,9,14,6,3,4,2
강북구,삼양동,2976,860,3276,201,335,131,261,11,6,5,7,3,2
강북구,송중동,4010,1737,7964,401,547,476,1811,21,30,17,5,6,3
강북구,송천동,4281,1845,7424,401,549,400,935,16,23,5,1,6,3
강북구,수유1동,3046,1265,4900,440,334,260,565,8,20,3,8,5,3
강북구,수유2동,2294,1051,3672,257,388,174,465,12,11,5,5,4,2
강북구,수유3동,4919,2378,9235,534,753,715,2228,25,42,14,16,4,4
강북구,우이동,2121,809,4077,189,204,315,876,12,44,7,1,6,1
강북구,인수동,3629,1198,5323,303,397,236,579,10,30,7,3,1,2
강서구,가양1동,9062,5012,48577,1255,1738,923,3961,22,129,21,9,6,2
강서구,가양2동,3281,518,3669,136,231,70,226,5,5,6,4,2,2
강서구,가양3동,2653,699,6927,223,239,47,198,3,6,3,0,2,1
강서구,공항동,3969,1835,35643,470,491,358,1528,9,30,15,6,3,3
강서구,등촌1동,4871,1665,15781,471,565,287,1056,14,40,11,5,0,3
강서구,등촌2동,1797,584,4939,147,222,105,282,6,18,6,3,3,2
강서구,등촌3동,4517,2341,20897,824,803,355,1831,18,45,14,6,7,4
강서구,발산1동,1783,2292,13819,994,709,284,1211,16,38,12,5,8,4
강서구,방화1동,3398,2207,10084,559,863,387,1149,28,40,21,10,7,4
강서구,방화2동,3879,1838,13711,708,458,329,1706,8,34,19,7,6,3
강서구,방화3동,3384,620,4518,146,237,97,311,8,14,6,2,0,1
강서구,염창동,2090,1922,16263,469,737,270,1096,16,40,16,7,7,4
강서구,우장산동,2507,1425,7833,301,685,203,649,12,27,15,6,4,2
강서구,화곡1동,8620,2606,10182,570,848,693,2021,23,41,16,15,7,4
강서구,화곡2동,2088,683,2689,309,216,67,149,3,9,2,3,1,1
강서구,화곡3동,2014,1034,4322,204,425,242,793,13,22,8,9,3,2
강서구,화곡4동,2579,1223,3548,407,391,250,549,18,23,2,8,3,2
강서구,화곡6동,2919,1608,10884,306,550,462,1593,12,26,4,10,5,3
강서구,화곡8동,2883,1057,3728,315,396,209,498,15,17,10,7,2,3
강서구,화곡본동,4717,1096,3931,265,416,262,668,13,22,7,6,7,3
관악구,낙성대동,5969,1184,7758,166,345,486,2159,11,59,8,3,2,1
관악구,난곡동,3558,672,2140,169,288,108,269,12,6,6,7,2,3
관악구,난향동,1226,293,1777,54,139,39,106,6,4,2,1,2,1
관악구,남현동,3282,803,4974,168,306,232,972,9,18,7,2,3,3
관악구,대학동,9687,1522,14381,169,566,645,1996,21,66,10,22,6,4
관악구,미성동,3625,1240,5226,309,431,212,616,16,21,7,2,4,3
관악구,보라매동,4392,1208,6447,452,336,246,668,15,23,9,2,5,4
관악구,삼성동,2857,732,2206,253,237,117,209,7,6,2,1,1,1
관악구,서림동,7148,716,2721,148,243,210,449,11,21,2,9,1,1
관악구,서원동,6435,1178,7380,302,361,399,1851,13,30,9,6,4,2
관악구,성현동,2744,636,2618,109,319,79,198,6,11,3,2,2,2
관악구,신림동,10468,1613,5811,312,494,599,1895,14,48,3,18,4,2
관악구,신사동,6172,1271,4579,326,421,227,543,12,13,6,8,1,2
관악구,신원동,4618,749,2286,205,247,167,354,13,9,5,4,3,3
관악구,은천동,4753,1345,6395,306,501,273,731,22,22,12,3,5,4
관악구,인헌동,6037,926,3776,219,339,212,594,16,26,7,4,2,3
관악구,조원동,4666,1644,6873,402,475,357,1027,15,30,4,7,2,3
관악구,중앙동,4685,885,4339,175,337,209,655,11,26,5,3,2,2
관악구,청룡동,10308,1733,10304,383,631,401,1297,21,41,9,10,7,4
관악구,청림동,1369,350,1228,59,169,62,153,4,12,4,2,3,3
관악구,행운동,8734,1314,6623,305,543,281,799,21,32,7,6,3,3
광진구,광장동,1441,1338,17165,331,508,220,1925,12,33,14,1,5,2
광진구,구의1동,4838,1703,7282,371,608,406,1042,21,38,11,9,3,3
광진구,구의2동,2634,1051,4677,260,352,237,618,12,22,12,6,3,3
광진구,구의3동,2851,2634,15824,1121,801,386,1488,16,43,19,8,3,4
광진구,군자동,5682,1443,9452,353,472,347,1114,16,45,8,6,7,4
광진구,능동,2909,735,5727,191,259,158,681,6,15,9,3,1,1
광진구,자양1동,4124,1517,8194,426,537,291,783,10,27,6,10,4,3
광진구,자양2동,2768,1201,6402,247,491,194,505,9,20,7,3,2,2
광진구,자양3동,1931,1143,5936,301,411,229,1028,8,37,16,2,3,2
광진구,자양4동,3750,1757,6527,489,526,438,1433,22,38,5,11,2,3
광진구,중곡1동,2827,1497,6572,439,360,260,574,11,24,6,6,3,3
광진구,중곡2동,3197,1482,6448,347,536,237,610,7,27,10,3,3,2
광진구,중곡3동,2740,1126,4909,260,325,211,489,7,24,7,7,1,3
광진구,중곡4동,3369,1241,4465,332,381,210,540,4,26,9,6,4,3
광진구,화양동,11276,2354,15979,421,739,940,4193,22,109,23,12,2,4
구로구,가리봉동,2413,884,2878,222,277,264,478,3,2,1,9,1,1
구로구,개봉1동,3146,1406,5055,382,494,294,775,17,22,14,6,10,4
구로구,개봉2동,2094,911,3078,198,399,168,510,10,23,6,4,2,3
구로구,개봉3동,1676,787,6138,197,298,144,280,12,19,6,5,1,3
구로구,고척1동,1910,2325,9337,732,446,309,1004,19,26,7,7,4,3
구로구,고척2동,2629,1138,3641,332,403,190,440,16,22,8,2,3,3
구로구,구로1동,1258,566,3009,131,231,80,246,4,6,2,3,4,1
구로구,구로2동,4070,7466,29034,4765,884,588,1518,14,37,9,7,4,4
구로구,구로3동,6233,7346,87413,1640,3413,786,3650,20,103,18,5,3,4
구로구,구로4동,3323,1892,5253,566,655,439,953,14,17,6,9,5,3
구로구,구로5동,4996,3508,25863,1425,967,543,1943,13,47,15,7,6,4
구로구,수궁동,1706,934,5512,211,309,150,367,14,20,7,6,4,2
구로구,신도림동,1921,2705,15430,739,676,310,1814,19,39,18,2,5,4
구로구,오류1동,3614,943,4335,267,347,204,625,13,12,4,4,3,2
구로구,오류2동,3162,1172,7524,293,464,195,575,18,19,8,2,10,4
금천구,가산동,7330,15111,164042,4345,5426,1171,5172,29,198,21,7,2,4
금천구,독산1동,6762,3747,24575,1026,909,436,1411,20,39,12,6,3,4
금천구,독산2동,2864,953,3279,232,318,172,399,9,12,2,6,4,2
금천구,독산3동,3833,1856,6237,480,528,330,683,12,16,5,10,6,3
금천구,독산4동,2334,859,3123,174,251,201,657,10,12,2,3,1,2
금천구,시흥1동,4255,2716,13831,728,850,611,1736,26,37,17,9,5,4
금천구,시흥2동,1402,333,1764,70,176,39,103,3,9,2,0,1,1
금천구,시흥3동,968,3058,9942,1690,314,122,279,6,6,4,1,3,2
금천구,시흥4동,2127,545,1714,120,228,84,163,8,2,2,4,2,1
금천구,시흥5동,2689,921,3132,226,351,184,430,19,14,4,7,2,2
노원구,공릉1동,6678,2371,11604,603,824,492,1463,22,68,17,6,6,4
노원구,공릉2동,4269,1427,11524,258,582,367,1214,25,65,21,12,9,4
노원구,상계10동,1289,303,2100,55,175,30,130,2,5,1,1,1,1
노원구,상계1동,3138,1599,9128,375,616,356,1204,24,42,8,8,14,4
노원구,상계2동,2307,2461,10414,828,720,638,2587,27,62,18,9,7,4
노원구,상계3·4동,3193,919,3489,216,356,189,355,10,17,5,3,3,2
노원구,상계5동,3012,1366,4467,350,518,236,480,14,20,9,7,4,3
노원구,상계6·7동,3103,1656,15545,299,719,311,1550,21,23,12,6,5,4
노원구,상계8동,1599,403,1745,83,215,55,149,2,7,4,1,2,1
노원구,상계9동,1500,462,2242,111,229,60,194,7,7,2,1,4,3
노원구,월계1동,3494,1219,6168,262,420,331,983,18,37,8,10,2,3
노원구,월계2동,3075,478,2882,109,198,85,226,9,15,4,0,3,2
노원구,월계3동,2890,594,3842,163,249,95,312,9,15,10,1,6,3
노원구,중계1동,949,829,4308,153,456,127,558,7,19,9,2,4,3
노원구,중계2·3동,3657,1035,5248,474,309,163,936,12,17,13,0,3,3
노원구,중계4동,1830,853,3668,192,334,235,636,17,17,5,5,8,3
노원구,중계본동,1114,1017,5260,165,521,190,572,18,30,4,5,4,2
노원구,하계1동,2935,950,7517,290,317,192,796,12,24,5,2,2,2
노원구,하계2동,1248,236,1125,45,107,39,98,5,2,2,2,2,1
도봉구,도봉1동,2752,1418,5749,359,416,340,854,12,21,4,5,5,2
도봉구,도봉2동,2601,1128,6307,261,459,207,483,10,22,7,2,2,2
도봉구,방학1동,3163,2008,13164,503,680,484,1380,30,34,17,14,0,3
도봉구,방학2동,2432,946,2763,292,282,164,361,10,11,6,3,2,1
도봉구,방학3동,1248,539,3166,104,241,96,344,11,15,4,0,5,2
도봉구,쌍문1동,2220,621,3571,143,228,131,403,12,27,6,1,5,3
도봉구,쌍문2동,2152,1048,5417,245,422,199,628,11,17,8,10,4,3
도봉구,쌍문3동,2427,853,3992,258,270,160,443,12,16,5,3,4,2
도봉구,쌍문4동,1090,434,1943,91,243,48,148,5,5,1,2,5,1
도봉구,창1동,2612,835,3583,198,331,157,517,6,17,9,4,3,3
도봉구,창2동,2542,1051,4086,263,346,172,401,19,16,9,8,6,4
도봉구,창3동,1763,715,1985,201,209,152,299,9,9,5,0,0,2
도봉구,창4동,1984,1092,7162,272,448,197,616,14,12,10,5,0,2
도봉구,창5동,1862,1223,6442,264,520,244,1029,14,38,11,7,3,3
동대문구,답십리1동,3218,1594,6934,618,449,197,544,10,21,6,5,2,3
동대문구,답십리2동,2864,1898,7320,895,440,207,571,8,15,7,8,4,3
동대문구,용신동,6672,5210,30607,2141,919,708,2019,16,69,10,6,6,4
동대문구,이문1동,7024,1246,6607,249,406,416,1122,23,54,9,13,1,3
동대문구,이문2동,2290,530,2177,113,193,101,260,6,13,4,1,3,2
동대문구,장안1동,4807,4102,20358,1436,908,550,1730,21,43,11,12,10,4
동대문구,장안2동,2774,2727,11264,777,739,535,1819,21,40,13,6,9,4
동대문구,전농1동,5262,1996,7630,741,477,422,1536,18,40,12,7,4,4
동대문구,전농2동,1562,727,4894,173,315,131,406,8,16,5,2,2,2
동대문구,제기동,4886,4525,12973,2794,573,516,1228,18,29,10,6,9,4
동대문구,청량리동,3121,1500,8395,421,519,317,818,15,19,5,7,5,3
동대문구,회기동,3773,970,10041,200,276,417,1400,11,49,12,10,4,3
동대문구,휘경1동,3090,881,3742,224,284,218,666,10,18,5,4,4,2
동대문구,휘경2동,4250,607,4441,141,209,128,328,12,24,5,3,2,2
동작구,노량진1동,4912,1864,8865,406,584,658,2156,21,83,17,19,6,3
동작구,노량진2동,2906,1697,7396,993,266,297,788,12,29,5,6,2,1
동작구,대방동,5371,1506,14523,328,666,267,973,18,28,15,5,7,4
동작구,사당1동,5514,1693,10312,331,589,419,1295,13,43,14,5,2,3
동작구,사당2동,2789,1519,6484,375,562,390,1320,22,29,13,6,7,4
동작구,사당3동,2367,841,4206,181,363,138,386,10,20,4,1,3,2
동작구,사당4동,2262,575,1718,162,222,96,193,7,8,8,3,4,2
동작구,사당5동,1670,399,1564,80,174,58,152,4,13,0,1,2,1
동작구,상도1동,7759,1512,8559,305,574,416,1285,29,55,19,13,5,4
동작구,상도2동,3694,1264,5100,306,483,249,738,12,22,14,4,5,4
동작구,상도3동,3720,799,2990,209,293,152,442,11,15,6,7,3,2
동작구,상도4동,3750,722,2767,170,289,146,389,11,21,2,2,5,2
동작구,신대방1동,2713,963,4002,230,390,169,468,11,12,6,5,4,2
동작구,신대방2동,3129,1145,21261,199,454,269,1072,6,33,12,3,2,2
동작구,흑석동,4316,1414,10825,289,455,417,1473,17,45,21,7,4,3
마포구,공덕동,5513,2605,19349,546,932,471,1476,21,47,11,5,3,4
마포구,대흥동,3541,1511,10187,265,602,387,1163,16,52,12,6,2,3
마포구,도화동,2433,1999,16348,462,790,382,1793,16,33,7,2,6,4
마포구,망원1동,3531,1367,4436,347,410,390,1040,13,61,16,2,2,1
마포구,망원2동,2076,1223,4796,287,449,235,610,19,38,13,3,4,3
마포구,상암동,3422,2236,41432,334,943,673,2960,21,116,24,3,4,2
마포구,서강동,4192,1698,11664,339,607,527,1617,14,77,26,5,4,4
마포구,서교동,7365,9880,62110,2165,3815,2718,11980,57,442,94,20,11,4
마포구,성산1동,3112,1436,11575,339,593,209,648,6,32,8,3,0,2
마포구,성산2동,5665,1492,12059,483,535,242,731,15,29,10,1,4,4
마포구,신수동,2915,1070,5557,244,406,180,486,13,21,10,0,3,3
마포구,아현동,2050,1615,11944,429,646,229,925,11,26,10,2,5,3
마포구,연남동,3772,1754,6761,321,531,713,1889,9,145,34,1,3,2
마포구,염리동,1719,658,4342,137,256,161,574,8,20,10,0,1,1
마포구,용강동,2133,2445,19339,601,1005,390,1589,7,49,10,1,5,2
마포구,합정동,3398,2015,11029,356,777,522,1807,8,91,23,3,4,1
서대문구,남가좌1동,942,644,2173,204,189,167,404,5,6,5,1,1,1
서대문구,남가좌2동,3752,1078,4939,270,376,264,674,22,27,10,3,4,3
서대문구,북가좌1동,1045,515,3116,122,204,66,210,9,6,7,1,1,1
서대문구,북가좌2동,3822,1410,5729,298,538,265,627,22,24,13,8,6,4
서대문구,북아현동,2147,772,2402,211,238,116,301,4,7,5,0,3,2
서대문구,신촌동,7887,3692,35906,747,1163,1496,6680,39,147,36,13,8,4
서대문구,연희동,8184,2074,10106,554,722,465,1398,17,49,20,2,4,4
서대문구,천연동,2333,841,3040,206,303,193,439,12,16,5,1,3,2
서대문구,충현동,3159,1745,22494,330,680,421,1304,3,64,5,4,2,2
서대문구,홍은1동,2392,787,2431,221,307,135,312,11,5,7,2,3,2
서대문구,홍은2동,3495,952,4982,208,376,216,892,8,17,8,7,5,3
서대문구,홍제1동,2399,1018,4711,242,422,185,506,10,22,8,3,3,2
서대문구,홍제2동,1303,529,1587,99,246,86,224,4,5,3,5,1,2
서대문구,홍제3동,1935,1023,3158,313,332,240,534,13,11,7,1,2,2
서초구,내곡동,1403,661,8093,311,170,77,392,3,17,3,1,4,1
서초구,반포1동,4842,1628,10021,357,707,285,1065,12,45,8,7,5,4
서초구,반포2동,514,373,2428,70,174,41,225,1,8,4,0,3,1
서초구,반포3동,854,993,7857,288,408,131,758,11,11,6,3,2,2
서초구,반포4동,1077,3556,31864,1877,784,555,5329,5,78,46,4,5,1
서초구,반포본동,312,665,2556,230,257,107,337,7,10,5,0,1,1
서초구,방배1동,2152,1843,15477,430,811,289,1057,8,36,7,9,7,3
서초구,방배2동,2569,1885,18805,428,680,358,1707,10,26,10,2,5,3
서초구,방배3동,1413,1110,14081,257,492,107,420,4,18,5,0,4,2
서초구,방배4동,2459,2235,14119,496,987,291,941,9,39,17,2,3,1
서초구,방배본동,1453,1576,9937,435,611,272,944,7,38,15,4,4,3
서초구,서초1동,2881,3710,34521,1008,1649,471,2043,15,94,16,7,9,4
서초구,서초2동,2568,4510,51125,1044,2150,521,2904,19,92,13,3,7,4
서초구,서초3동,3607,7449,78877,1248,4033,1048,5114,17,152,32,8,4,2
서초구,서초4동,1643,2977,28112,487,1540,509,3578,13,71,17,2,6,4
서초구,양재1동,4370,3415,45538,821,1425,553,2401,17,101,21,7,9,2
서초구,양재2동,3781,4920,47144,1910,1433,625,2441,22,85,15,5,3,4
서초구,잠원동,3239,2046,17185,382,885,406,1866,15,46,10,3,5,3
성동구,금호1가동,1232,465,1870,91,191,75,238,3,15,3,2,3,1
성동구,금호2·3가동,2454,917,2674,216,290,214,488,17,21,5,2,4,2
성동구,금호4가동,1481,588,1912,135,228,118,306,7,8,5,4,1,1
성동구,마장동,3342,2715,11160,1695,336,212,620,6,18,4,2,4,2
성동구,사근동,4413,1008,11203,157,271,461,1789,17,64,3,13,2,1
성동구,성수1가1동,2350,1577,8947,358,475,142,418,5,20,6,1,2,2
성동구,성수1가2동,2898,2396,19636,529,734,368,1175,10,75,8,2,4,3
성동구,성수2가1동,2959,2402,17933,643,562,354,1041,9,51,8,3,2,3
성동구,성수2가3동,1987,5356,50798,1350,1474,488,1719,11,66,9,4,2,1
성동구,송정동,2228,560,2268,137,173,73,133,4,4,3,1,0,2
성동구,옥수동,2190,782,3689,142,353,125,449,6,20,12,1,5,2
성동구,왕십리2동,2137,700,2750,145,190,97,246,10,9,2,3,2,2
성동구,왕십리도선동,3189,2066,12149,498,606,445,1465,17,47,14,5,6,4
성동구,용답동,3277,1889,13992,696,485,253,668,9,19,3,4,2,3
성동구,응봉동,947,276,883,66,119,38,110,4,5,1,1,1,1
성동구,행당1동,2019,1353,8702,417,406,307,1355,13,32,16,2,3,2
성동구,행당2동,1603,496,1938,110,237,66,222,8,13,5,0,2,2
성북구,길음1동,1658,951,3834,235,375,209,616,8,18,12,3,7,4
성북구,길음2동,1205,865,4336,272,293,212,782,6,16,9,2,0,1
성북구,돈암1동,1288,291,1942,69,129,36,144,2,6,2,1,1,1
성북구,돈암2동,1055,308,2367,46,163,40,103,5,6,2,0,4,1
성북구,동선동,5007,1945,10141,399,711,616,2164,17,48,18,6,2,4
성북구,보문동,2843,1085,4839,285,265,167,395,6,8,5,3,3,2
성북구,삼선동,4887,1776,9349,430,628,461,1110,15,40,9,2,10,4
성북구,석관동,4460,1761,9785,435,493,355,933,20,29,7,7,6,4
성북구,성북동,2722,1073,5382,254,456,235,930,7,35,14,2,3,2
성북구,안암동,5532,1316,12727,289,413,432,1672,11,65,13,15,1,2
성북구,월곡1동,2208,1115,5074,311,370,162,476,15,15,9,1,5,4
성북구,월곡2동,3286,1394,7666,332,425,307,963,12,37,10,6,3,3
성북구,장위1동,2132,703,2006,163,192,123,216,5,10,2,5,1,2
성북구,장위2동,1977,1131,3435,299,241,190,358,11,8,2,2,2,2
성북구,장위3동,1164,437,2426,105,123,66,182,2,4,3,1,3,1
성북구,정릉1동,1589,586,1859,117,238,105,271,9,13,4,1,2,2
성북구,정릉2동,1894,645,2695,149,262,132,373,11,9,5,5,4,2
성북구,정릉3동,2880,562,4209,107,210,163,445,11,17,3,2,0,3
성북구,정릉4동,2358,690,4103,150,285,139,408,14,13,6,4,6,2
성북구,종암동,4991,1724,7097,358,561,313,856,15,26,9,9,7,4
송파구,가락1동,14,2784,11092,2538,105,90,352,1,2,1,0,2,1
송파구,가락2동,2042,1673,9510,407,702,245,835,14,32,12,9,7,4
송파구,가락본동,2863,3354,25293,1035,1135,603,2192,23,63,15,9,5,4
송파구,거여1동,1135,650,3711,174,233,115,297,6,14,2,4,4,2
송파구,거여2동,1691,639,3940,134,280,104,307,9,10,5,4,4,2
송파구,마천1동,2225,693,2012,159,249,142,277,5,10,2,3,2,1
송파구,마천2동,1950,1042,3733,329,326,178,370,10,13,8,3,4,2
송파구,문정1동,1832,1225,6909,337,429,186,584,13,25,5,0,4,3
송파구,문정2동,7035,5455,52428,2007,1807,684,3209,19,128,18,5,1,3
송파구,방이1동,1259,1259,9568,253,530,265,1083,7,44,12,1,2,2
송파구,방이2동,4702,2794,21003,649,929,707,3035,22,53,12,9,3,4
송파구,삼전동,5546,1851,13732,396,782,356,1078,23,41,13,9,4,3
송파구,석촌동,5824,2444,14545,600,851,489,1439,24,45,15,5,7,4
송파구,송파1동,4155,2012,13909,497,759,392,1405,13,81,21,5,1,3
송파구,송파2동,974,793,3995,193,340,134,408,8,18,11,3,3,2
송파구,오금동,2720,2021,16551,546,705,314,1031,20,59,13,7,5,4
송파구,오륜동,339,504,5580,187,199,54,414,3,9,4,1,3,1
송파구,위례동,833,510,3530,116,180,128,548,11,17,11,1,3,1
송파구,잠실2동,1114,725,4650,212,301,107,464,4,12,12,0,3,2
송파구,잠실3동,1078,1522,10801,776,344,239,2579,4,32,24,0,3,1
송파구,잠실4동,1078,414,1936,83,194,48,206,3,7,4,2,2,1
송파구,잠실6동,536,2060,48764,720,637,409,3706,8,72,19,0,2,1
송파구,잠실7동,270,194,1229,63,76,20,48,1,5,2,0,1,1
송파구,잠실본동,5383,2943,21254,622,1124,785,3191,34,47,18,14,3,3
송파구,장지동,2644,1078,9583,224,447,179,502,14,28,7,3,6,4
송파구,풍납1동,1806,605,2392,171,203,117,225,6,8,4,3,1,1
송파구,풍납2동,2403,982,15657,238,421,144,700,15,22,4,4,8,4
양천구,목1동,1118,2822,22188,941,1031,534,3090,10,80,22,4,2,1
양천구,목2동,3120,996,4134,236,405,175,457,10,18,9,4,3,3
양천구,목3동,2498,1128,5428,301,454,213,635,14,9,5,6,3,2
양천구,목4동,1964,1182,3723,287,475,244,577,18,15,14,2,5,4
양천구,목5동,1083,1502,10120,259,857,186,936,13,19,12,4,6,4
양천구,신월1동,2977,1490,5068,447,419,261,572,13,11,7,19,4,3
양천구,신월2동,1565,879,3809,239,292,111,270,8,11,5,1,6,1
양천구,신월3동,2802,707,3924,234,200,109,290,3,12,2,2,1,2
양천구,신월4동,972,832,3632,189,309,170,409,11,11,3,0,1,2
양천구,신월5동,1313,829,4930,201,271,151,382,13,15,4,5,1,2
양천구,신월6동,402,395,2319,105,138,62,178,1,3,2,2,3,1
양천구,신월7동,1895,1011,4991,241,362,164,364,18,11,6,5,2,3
양천구,신정1동,867,1126,5146,210,515,238,688,10,26,10,4,2,2
양천구,신정2동,1038,975,3451,205,477,153,492,14,17,8,1,6,3
양천구,신정3동,3069,1306,9069,204,503,161,506,11,13,10,8,8,4
양천구,신정4동,4831,2836,15172,701,1180,468,1406,18,46,22,12,7,4
양천구,신정6동,640,705,7123,101,415,70,368,5,12,6,1,1,1
양천구,신정7동,2150,797,4476,158,396,134,472,14,13,12,6,5,3
영등포구,당산1동,3405,2979,19877,1003,818,544,1320,13,56,7,4,1,4
영등포구,당산2동,6527,2222,21918,477,886,387,1494,12,58,14,2,5,4
영등포구,대림1동,1955,987,4220,295,295,189,507,10,14,4,3,7,3
영등포구,대림2동,2147,1331,4552,331,418,374,975,6,11,5,14,4,2
영등포구,대림3동,2720,1953,10327,543,615,329,854,9,20,3,10,6,3
영등포구,도림동,3240,855,2780,226,312,138,309,11,10,5,4,4,2
영등포구,문래동,2377,5146,41308,1314,1036,502,1716,14,62,13,3,4,4
영등포구,신길1동,4160,1037,4869,287,355,223,506,9,20,6,7,4,3
영등포구,신길3동,1928,839,2547,288,252,134,287,8,11,3,5,5,2
영등포구,신길4동,1200,375,1562,94,141,63,125,6,6,0,0,1,1
영등포구,신길5동,1253,479,2512,144,140,96,231,4,7,0,1,0,1
영등포구,신길6동,2492,1094,4613,240,425,201,617,8,32,3,3,3,2
영등포구,신길7동,1344,539,2608,141,191,114,317,6,17,6,1,2,1
영등포구,양평1동,3106,1845,21615,469,507,285,832,6,30,9,2,2,3
영등포구,양평2동,2921,2009,19842,472,692,333,1248,7,53,13,2,4,2
영등포구,여의동,2041,7996,157918,1612,3190,1654,10026,32,249,48,4,8,1
영등포구,영등포동,7884,6092,35886,2578,1305,1088,4918,26,94,24,11,3,3
영등포구,영등포본동,2777,1295,5087,554,349,243,881,8,26,6,5,3,3
용산구,남영동,2475,1729,18326,452,508,506,2135,10,51,18,7,0,3
용산구,보광동,2950,747,1885,198,229,189,403,15,14,5,2,4,2
용산구,서빙고동,1067,342,4698,102,111,53,193,1,11,2,0,2,1
용산구,용문동,1370,572,1792,212,160,115,258,12,10,3,2,2,2
용산구,용산2가동,1789,493,1944,112,128,182,609,5,23,9,1,2,1
용산구,원효로1동,2307,1766,14972,752,397,326,936,9,43,8,3,2,2
용산구,원효로2동,1429,900,5695,433,236,108,265,5,12,3,1,1,1
용산구,이촌1동,1229,789,3646,221,242,188,813,5,14,16,2,5,1
용산구,이촌2동,716,261,776,79,75,27,62,4,6,2,0,2,1
용산구,이태원1동,1444,1607,7581,645,193,630,3242,7,48,12,0,2,1
용산구,이태원2동,1852,702,2875,167,134,295,857,3,48,18,1,3,1
용산구,청파동,4681,1655,8902,341,430,400,1043,13,55,15,7,3,3
용산구,한강로동,3418,4991,42738,2703,1011,729,4015,7,129,19,0,3,1
용산구,한남동,4094,2083,17886,526,622,607,3943,11,79,26,2,7,4
용산구,효창동,879,372,2374,94,148,52,138,1,15,3,0,4,1
용산구,후암동,2540,790,4112,211,236,196,562,9,30,6,2,4,1
은평구,갈현1동,2820,1311,5123,266,447,390,1346,19,30,12,8,5,3
은평구,갈현2동,2543,1363,5608,343,504,344,1043,15,31,7,7,8,3
은평구,구산동,2253,835,4852,187,377,133,316,11,16,9,0,4,2
은평구,녹번동,3996,1554,8947,304,664,271,780,16,32,8,7,1,3
은평구,대조동,5144,2313,7846,795,664,544,1531,21,50,18,5,2,4
은평구,불광1동,4170,1373,6276,297,521,303,882,22,33,13,4,7,4
은평구,불광2동,3859,1064,4087,311,367,219,491,13,14,6,4,3,2
은평구,수색동,1212,470,2221,131,106,102,221,4,6,2,0,2,1
은평구,신사1동,2493,1020,3710,249,401,164,449,9,20,6,10,6,3
은평구,신사2동,1957,593,2498,138,249,94,191,13,10,5,0,2,2
은평구,역촌동,4719,2050,7232,465,772,427,1074,21,49,19,9,10,4
은평구,응암1동,3091,1468,7450,376,545,265,884,13,34,7,3,3,2
은평구,응암2동,1520,497,1788,102,205,92,220,5,10,3,0,3,1
은평구,응암3동,3865,1577,4827,429,512,423,974,28,27,13,9,4,3
은평구,증산동,1504,774,3156,200,260,155,380,7,13,8,3,4,2
은평구,진관동,3742,1526,9343,391,567,347,1535,22,55,26,3,10,3
종로구,가회동,654,749,14083,177,235,251,927,4,44,13,0,0,1
종로구,교남동,1105,364,3979,81,139,79,313,4,15,5,1,0,1
종로구,무악동,442,196,1213,45,93,27,89,4,5,3,1,1,1
종로구,부암동,1114,534,3578,105,220,127,395,1,23,5,1,1,1
종로구,사직동,1310,3520,49515,561,1459,872,4243,12,125,16,1,2,1
종로구,삼청동,478,701,4566,264,153,222,936,1,63,9,0,1,1
종로구,숭인1동,1067,446,1485,86,114,48,133,3,4,1,1,3,1
종로구,숭인2동,2600,1717,6435,734,275,252,635,9,18,5,5,0,1
종로구,이화동,1978,1224,16730,227,448,361,1933,5,69,15,2,1,1
종로구,종로1·2·3·4가동,2215,15596,109817,7239,3116,2361,11366,29,263,34,9,4,4
종로구,종로5·6가동,1395,7446,24698,4934,661,611,1983,14,61,7,1,0,1
종로구,창신1동,1084,2238,6570,1262,251,252,771,10,13,4,7,0,1
종로구,창신2동,1453,813,2123,123,143,124,291,3,8,3,2,2,1
종로구,창신3동,637,218,805,39,64,28,59,3,6,2,0,0,1
종로구,청운효자동,1369,959,6243,250,322,252,681,3,58,18,1,2,1
종로구,평창동,1750,717,3531,155,309,136,527,3,16,5,2,4,3
종로구,혜화동,4675,1668,8800,305,587,622,2357,23,90,10,12,6,4
중구,광희동,1184,8711,36701,4317,861,711,3349,11,62,16,1,4,1
중구,다산동,2299,1302,8464,387,424,191,668,8,20,6,1,1,2
중구,동화동,813,917,4092,281,190,99,272,7,14,3,3,3,2
중구,명동,586,6762,110674,1799,2190,1333,8956,16,229,31,2,6,4
중구,소공동,417,3801,61155,1266,1063,711,6468,8,123,27,1,2,1
중구,신당5동,1639,1119,3778,303,228,212,524,10,8,3,5,1,1
중구,신당동,2039,11544,30479,9926,431,324,1090,13,31,9,1,5,1
중구,약수동,1957,737,3448,203,292,112,339,8,10,7,4,6,3
중구,을지로동,494,9020,32083,3598,925,548,1933,7,63,3,0,1,1
중구,장충동,1429,786,8859,216,239,167,2136,5,20,8,1,1,1
중구,중림동,1484,931,6920,244,276,224,697,8,32,7,1,3,1
중구,청구동,1844,771,4366,243,240,82,295,5,10,3,2,1,1
중구,필동,990,2983,24403,383,913,459,1918,6,72,8,7,1,1
중구,황학동,2507,1856,5917,1077,218,262,734,7,9,2,0,0,1
중구,회현동,1121,9117,48603,7304,573,615,3653,9,100,23,1,0,1
중랑구,망우3동,2483,894,3647,190,237,123,280,4,11,3,1,2,2
중랑구,망우본동,4188,2303,10544,590,653,468,1183,16,30,13,11,2,3
중랑구,면목2동,3543,1681,6029,406,404,257,555,10,18,8,3,3,2
중랑구,면목3·8동,3941,1781,6604,395,488,404,991,16,27,8,13,7,3
중랑구,면목4동,2512,909,3596,168,281,151,293,3,14,3,2,2,1
중랑구,면목5동,1247,660,2963,162,124,84,196,6,3,0,3,1,1
중랑구,면목7동,2860,1240,4299,325,355,218,551,13,13,7,3,3,3
중랑구,면목본동,5566,2179,7516,536,544,406,982,17,29,15,8,5,3
중랑구,묵1동,3039,1215,5561,317,408,259,791,8,30,8,3,6,3
중랑구,묵2동,2678,1191,4297,304,380,220,499,11,12,3,5,2,3
중랑구,상봉1동,1982,913,6086,296,298,139,657,6,25,6,3,1,1
중랑구,상봉2동,4073,1931,9261,411,558,551,1758,17,31,3,15,3,3
중랑구,신내1동,2067,1333,10024,298,486,253,865,23,30,11,6,6,4
중랑구,신내2동,2011,817,5704,204,369,127,448,8,16,8,1,2,2
중랑구,중화1동,2016,840,3555,198,318,96,233,5,15,1,0,2,2
중랑구,중화2동,5001,1851,7044,496,503,396,930,20,18,8,11,3,3
