,도서관명,시도명,시군구명,열람좌석수,자료수,위도,경도,도서관유형,건물면적,좌표
0,중랑구립면목정보도서관,서울특별시,중랑구,227,112846,37.5873561521,127.08755655959999,공공도서관,1234.0,"37.5873561521, 127.08755655959999"
1,중랑숲어린이도서관,서울특별시,중랑구,303,50731,37.602634,127.103926,공공도서관,977.8,"37.602634, 127.103926"
2,중화어린이도서관,서울특별시,중랑구,30,23799,37.595003999999996,127.0748924744,공공도서관,133.0,"37.595003999999996, 127.0748924744"
3,양원숲속도서관,서울특별시,중랑구,252,29716,37.606825,127.110697,공공도서관,970.78,"37.606825, 127.110697"
4,중랑상봉도서관,서울특별시,중랑구,268,26780,37.5931272353,127.080932,공공도서관,1753.41,"37.5931272353, 127.080932"
5,송파글마루도서관,서울특별시,송파구,414,69064,37.480832692199996,127.1304765731,공공도서관,3697.0,"37.480832692199996, 127.1304765731"
6,송파어린이도서관,서울특별시,송파구,60,85296,37.5121012604,127.0824284892,공공도서관,1273.0,"37.5121012604, 127.0824284892"
7,거마도서관,서울특별시,송파구,244,44147,37.493545000000005,127.1468273964,공공도서관,886.0,"37.493545000000005, 127.1468273964"
8,소나무언덕1호,서울특별시,송파구,38,18480,37.5274169166,127.1180408616,공공도서관,177.0,"37.5274169166, 127.1180408616"
9,소나무언덕2호,서울특별시,송파구,72,22286,37.507266666199996,127.09421729809999,공공도서관,329.0,"37.507266666199996, 127.09421729809999"
10,소나무언덕3호,서울특별시,송파구,84,24750,37.492325,127.15661899999999,공공도서관,343.0,"37.492325, 127.15661899999999"
11,소나무언덕4호,서울특별시,송파구,45,17330,37.502207,127.116836,공공도서관,246.0,"37.502207, 127.116836"
12,소나무언덕 잠실본동,서울특별시,송파구,63,23052,37.5031008494,127.07887195709999,공공도서관,510.0,"37.5031008494, 127.07887195709999"
13,송파어린이영어,서울특별시,송파구,60,19293,37.5223926038,127.10298301430001,공공도서관,595.0,"37.5223926038, 127.10298301430001"
14,돌마리도서관,서울특별시,송파구,55,16380,37.5035646147,127.1036854792,공공도서관,265.0,"37.5035646147, 127.1036854792"
15,송파위례도서관,서울특별시,송파구,140,15645,37.4811666537,127.1439359526,공공도서관,914.0,"37.4811666537, 127.1439359526"
16,은평구립도서관,서울특별시,은평구,958,259379,37.61897412,126.92826740000001,공공도서관,5060.0,"37.61897412, 126.92826740000001"
17,증산정보도서관,서울특별시,은평구,511,71917,37.5828079079,126.9076711057,공공도서관,2110.0,"37.5828079079, 126.9076711057"
18,응암정보도서관,서울특별시,은평구,250,72038,37.5859665629,126.9196820594,공공도서관,999.0,"37.5859665629, 126.9196820594"
19,상림마을작은도서관,서울특별시,은평구,60,37261,37.6442159908,126.9289423548,공공도서관,311.7,"37.6442159908, 126.9289423548"
20,은평뉴타운 도서관,서울특별시,은평구,420,54409,37.6372303968,126.9331183475,공공도서관,1997.0,"37.6372303968, 126.9331183475"
21,중랑구립정보도서관,서울특별시,중랑구,594,231096,37.6151557,127.0869050507,공공도서관,5106.0,"37.6151557, 127.0869050507"
22,사당솔밭도서관,서울특별시,동작구,280,62011,37.484056,126.96736899999999,공공도서관,1724.86,"37.484056, 126.96736899999999"
23,동작상도국주도서관,서울특별시,동작구,100,47410,37.5068219493,126.9509960718,공공도서관,525.0,"37.5068219493, 126.9509960718"
24,동작어린이도서관,서울특별시,동작구,130,50692,37.509204429,126.94343400000001,공공도서관,444.3,"37.509204429, 126.94343400000001"
25,대방어린이도서관,서울특별시,동작구,50,25363,37.5030242235,126.9252221319,공공도서관,391.3,"37.5030242235, 126.9252221319"
26,약수도서관,서울특별시,동작구,47,34821,37.497851000000004,126.9474396,공공도서관,598.0,"37.497851000000004, 126.9474396"
27,동작샘터도서관,서울특별시,동작구,50,24667,37.488360899999996,126.977553,작은도서관,241.0,"37.488360899999996, 126.977553"
28,다울작은도서관,서울특별시,동작구,8,5368,37.4788487,126.9732460032,작은도서관,183.0,"37.4788487, 126.9732460032"
29,국사봉숲속작은도서관,서울특별시,동작구,10,2826,37.4954320648,126.9405908581,작은도서관,36.0,"37.4954320648, 126.9405908581"
30,중앙동 새싹작은도서관,서울특별시,관악구,40,10502,37.484165999999995,126.949749,작은도서관,704.0,"37.484165999999995, 126.949749"
31,청림동 푸른숲작은도서관,서울특별시,관악구,20,14778,37.491797,126.95859899999999,작은도서관,786.0,"37.491797, 126.95859899999999"
32,행운동 마루작은도서관,서울특별시,관악구,20,11487,37.480593,126.95705900000002,작은도서관,1447.0,"37.480593, 126.95705900000002"
33,청룡동 숯고을작은도서관,서울특별시,관악구,20,19086,37.479107,126.941694,작은도서관,1441.0,"37.479107, 126.941694"
34,낙성동 우듬지작은도서관,서울특별시,관악구,20,13124,37.476264,126.95836499999999,작은도서관,2004.0,"37.476264, 126.95836499999999"
35,미성동 책의향기작은도서관,서울특별시,관악구,20,14968,37.476132,126.915527,작은도서관,721.0,"37.476132, 126.915527"
36,삼성동 샛별작은도서관,서울특별시,관악구,10,14220,37.470073,126.93296399999998,작은도서관,617.0,"37.470073, 126.93296399999998"
37,책쉼터,서울특별시,관악구,20,3723,37.472972999999996,126.96021499999999,작은도서관,6985.0,"37.472972999999996, 126.96021499999999"
38,신림청소년독서실,서울특별시,관악구,74,8736,37.480177000000005,126.91618500000001,작은도서관,1364.0,"37.480177000000005, 126.91618500000001"
39,관악산 詩도서관,서울특별시,관악구,14,5781,37.468115999999995,126.946069,작은도서관,2552.0,"37.468115999999995, 126.946069"
40,낙성대공원도서관,서울특별시,관악구,28,6091,37.471383,126.959727,작은도서관,132.0,"37.471383, 126.959727"
41,하난곡작은도서관,서울특별시,관악구,38,13105,37.4767912,126.919945,작은도서관,358.0,"37.4767912, 126.919945"
42,용꿈꾸는 작은도서관,서울특별시,관악구,57,19853,37.478127,126.95148700000001,작은도서관,32572.0,"37.478127, 126.95148700000001"
43,도림천에서 용나는 작은도서관,서울특별시,관악구,12,5542,37.480942,126.929827,작은도서관,56.57,"37.480942, 126.929827"
44,꿈나무 영유아도서관,서울특별시,관악구,50,6671,37.467081,126.944781,작은도서관,235.71,"37.467081, 126.944781"
45,보라매동 다사랑작은도서관,서울특별시,관악구,15,14014,37.467081,126.944781,작은도서관,1308.0,"37.467081, 126.944781"
46,은천동 한울작은도서관,서울특별시,관악구,20,30483,37.486875,126.94152700000001,작은도서관,455.0,"37.486875, 126.94152700000001"
47,인헌동 보물섬 작은도서관,서울특별시,관악구,24,36834,37.475044,126.96524699999999,작은도서관,1497.0,"37.475044, 126.96524699999999"
48,난곡동 책사랑 작은도서관,서울특별시,관악구,16,15530,37.470991,126.921644,작은도서관,2271.0,"37.470991, 126.921644"
49,난향동 뜰안에작은도서관,서울특별시,관악구,22,19853,37.164460999999996,126.91878500000001,작은도서관,1809.0,"37.164460999999996, 126.91878500000001"
50,남현동 우리작은도서관,서울특별시,관악구,60,27377,37.474517999999996,126.9778675,작은도서관,2448.0,"37.474517999999996, 126.9778675"
51,신림동 굴렁쇠작은도서관,서울특별시,관악구,12,14042,37.487372,126.927118,작은도서관,1037.0,"37.487372, 126.927118"
52,서림동 글사랑작은도서관,서울특별시,관악구,20,14818,37.474961,126.93498400000001,작은도서관,780.0,"37.474961, 126.93498400000001"
53,신원동 울타리작은도서관,서울특별시,관악구,20,13881,37.481565,126.927333,작은도서관,665.0,"37.481565, 126.927333"
54,신사동 해오름작은도서관,서울특별시,관악구,20,17088,37.485923,126.91908899999999,작은도서관,695.0,"37.485923, 126.91908899999999"
55,서원동 어울작은도서관,서울특별시,관악구,20,12224,37.479734,126.93136489999999,작은도서관,1311.0,"37.479734, 126.93136489999999"
56,대학동 녹두작은도서관,서울특별시,관악구,20,8815,37.470597999999995,126.936927,작은도서관,1184.0,"37.470597999999995, 126.936927"
57,성현동 파랑새작은도서관,서울특별시,관악구,50,21290,37.489512,126.948077,작은도서관,1461.0,"37.489512, 126.948077"
58,신림청소년독서실,서울특별시,관악구,96,8000,37.480177000000005,126.91618500000001,작은도서관,1364.0,"37.480177000000005, 126.91618500000001"
59,관악문화관도서관,서울특별시,관악구,547,219136,37.467135,126.94473500000001,공공도서관,14279.0,"37.467135, 126.94473500000001"
60,글빛정보도서관,서울특별시,관악구,134,65785,37.486252,126.959668,공공도서관,693.0,"37.486252, 126.959668"
61,성현동작은도서관,서울특별시,관악구,60,52353,37.487704,126.956096,공공도서관,1974.0,"37.487704, 126.956096"
62,은천동작은도서관,서울특별시,관악구,89,45587,37.485298,126.942434,공공도서관,2974.0,"37.485298, 126.942434"
63,조원작은도서관,서울특별시,관악구,210,62703,34.482544,126.90777299999999,공공도서관,2668.0,"34.482544, 126.90777299999999"
64,책이랑놀이랑,서울특별시,관악구,35,13589,37.479991999999996,126.95858799999999,작은도서관,902.0,"37.479991999999996, 126.95858799999999"
65,관악산 詩도서관,서울특별시,관악구,14,5944,37.468115999999995,126.946069,작은도서관,2552.0,"37.468115999999995, 126.946069"
66,낙성대공원도서관,서울특별시,관악구,28,6841,37.471383,126.959727,작은도서관,132.0,"37.471383, 126.959727"
67,하난곡작은도서관,서울특별시,관악구,38,13809,37.4767912,126.919945,작은도서관,358.0,"37.4767912, 126.919945"
68,용꿈꾸는 작은도서관,서울특별시,관악구,57,20739,37.478127,126.95148700000001,작은도서관,32572.0,"37.478127, 126.95148700000001"
69,도림천에서 용나는 작은도서관,서울특별시,관악구,12,6130,37.480942,126.929827,작은도서관,56.57,"37.480942, 126.929827"
70,꿈나무 영유아도서관,서울특별시,관악구,50,6974,37.467081,126.944781,작은도서관,235.71,"37.467081, 126.944781"
71,서울대입구역 U-도서관,서울특별시,관악구,0,144,37.481239,126.952747,작은도서관,0.0,"37.481239, 126.952747"
72,신대방역 U-도서관,서울특별시,관악구,0,48,37.487396999999994,126.913024,작은도서관,0.0,"37.487396999999994, 126.913024"
73,봉천역 U-도서관,서울특별시,관악구,0,112,37.482332,126.94248700000001,작은도서관,0.0,"37.482332, 126.94248700000001"
74,낙성대역 U-도서관,서울특별시,관악구,0,112,37.476975,126.96373899999999,작은도서관,0.0,"37.476975, 126.96373899999999"
75,신림역 U-도서관,서울특별시,관악구,0,112,37.484224,126.929681,작은도서관,0.0,"37.484224, 126.929681"
76,봉현작은도서관,서울특별시,관악구,35,12359,37.4871775,126.956625,작은도서관,1550.0,"37.4871775, 126.956625"
77,청룡작은도서관,서울특별시,관악구,25,12359,37.478018,126.94645700000001,작은도서관,495.0,"37.478018, 126.94645700000001"
78,삼성작은도서관,서울특별시,관악구,30,10732,37.464073,126.931802,작은도서관,642.0,"37.464073, 126.931802"
79,숲속작은도서관,서울특별시,관악구,20,3070,37.458841,126.94619499999999,작은도서관,94.29,"37.458841, 126.94619499999999"
80,책이랑놀이랑,서울특별시,관악구,35,12875,37.479991999999996,126.95858799999999,작은도서관,902.0,"37.479991999999996, 126.95858799999999"
81,책쉼터,서울특별시,관악구,20,3870,37.472972999999996,126.96021499999999,작은도서관,6985.0,"37.472972999999996, 126.96021499999999"
82,숲속작은도서관,서울특별시,관악구,20,3070,37.458841,126.94619499999999,작은도서관,94.29,"37.458841, 126.94619499999999"
83,지웰작은도서관,서울특별시,은평구,15,3172,37.64427599,126.9312529,작은도서관,70.71,"37.64427599, 126.9312529"
84,구립 청파도서관,서울특별시,용산구,75,32758,37.5539248195,126.96760591719999,공공도서관,324.0,"37.5539248195, 126.96760591719999"
85,청파 어린이 영어도서관,서울특별시,용산구,24,17368,37.5454736959,126.9685012617,작은도서관,113.14,"37.5454736959, 126.9685012617"
86,용암 어린이 영어도서관,서울특별시,용산구,24,16710,37.5410187594,126.98469285879999,작은도서관,113.14,"37.5410187594, 126.98469285879999"
87,북카페 청마루,서울특별시,용산구,32,5500,37.532452654800004,126.990478255,작은도서관,150.86,"37.532452654800004, 126.990478255"
88,후암동작은도서관 북앤캠프,서울특별시,용산구,33,6808,37.5486978477,126.9781504584,작은도서관,155.57,"37.5486978477, 126.9781504584"
89,해다올 작은도서관,서울특별시,용산구,20,10341,37.5460752787,126.98556994020001,작은도서관,94.29,"37.5460752787, 126.98556994020001"
90,남영동 작은도서관,서울특별시,용산구,13,8616,37.5457054867,126.973090878,작은도서관,61.29,"37.5457054867, 126.973090878"
91,원효로제2동 작은도서관 두드림,서울특별시,용산구,20,5508,37.5343532215,126.9515482962,작은도서관,94.29,"37.5343532215, 126.9515482962"
92,효창동 작은도서관,서울특별시,용산구,40,11765,37.5425092453,126.96184001350001,작은도서관,188.57,"37.5425092453, 126.96184001350001"
93,오렌지나무 작은도서관,서울특별시,용산구,17,7235,37.5389542495,126.95758291879999,작은도서관,80.14,"37.5389542495, 126.95758291879999"
94,한강로동 작은도서관,서울특별시,용산구,34,7522,37.528142242600005,126.9692280709,작은도서관,160.29,"37.528142242600005, 126.9692280709"
95,이촌2동 작은도서관,서울특별시,용산구,26,5974,37.5262814836,126.9546577844,작은도서관,122.57,"37.5262814836, 126.9546577844"
96,회나무 작은도서관,서울특별시,용산구,12,6594,37.5419023243,126.9901964343,작은도서관,56.57,"37.5419023243, 126.9901964343"
97,한남동 작은도서관,서울특별시,용산구,39,8406,37.5348569089,127.00026701559999,작은도서관,183.86,"37.5348569089, 127.00026701559999"
98,서빙고동 작은도서관,서울특별시,용산구,20,4645,37.5204767979,126.9946516618,작은도서관,94.29,"37.5204767979, 126.9946516618"
99,작은도서관 꿈꾸는 책마을,서울특별시,용산구,15,4696,37.5263009993,127.00018100690001,작은도서관,70.71,"37.5263009993, 127.00018100690001"
100,별밭 작은도서관,서울특별시,용산구,36,5470,37.5263009993,127.00018100690001,작은도서관,169.71,"37.5263009993, 127.00018100690001"
101,마고정 작은도서관,서울특별시,은평구,25,3501,37.63395286,126.9227981301,작은도서관,117.86,"37.63395286, 126.9227981301"
102,꿈지락작은도서관,서울특별시,은평구,50,7000,37.63174889,126.929022,작은도서관,235.71,"37.63174889, 126.929022"
103,꿈꾸는i작은도서관,서울특별시,은평구,60,4700,37.640262400000005,126.9211419425,작은도서관,282.86,"37.640262400000005, 126.9211419425"
104,응암도서관,서울특별시,은평구,40,17271,37.60030754,126.92963540000001,작은도서관,188.57,"37.60030754, 126.92963540000001"
105,푸른풀밭 작은도서관,서울특별시,은평구,30,4000,37.59883886,126.92007609999999,작은도서관,141.43,"37.59883886, 126.92007609999999"
106,응암2동 매바위북카페 (응암2동 주민센터),서울특별시,은평구,8,3136,37.59434778,126.92316890000001,작은도서관,37.71,"37.59434778, 126.92316890000001"
107,꿈샘도서관,서울특별시,은평구,16,6832,37.59262923,126.92069440000002,작은도서관,75.43,"37.59262923, 126.92069440000002"
108,불광천 작은도서관 (응암정보도서관 운영),서울특별시,은평구,10,4964,37.5904858592,126.9144370871,작은도서관,47.14,"37.5904858592, 126.9144370871"
109,서문어린이도서관,서울특별시,은평구,50,6451,37.59165203,126.91675015950001,작은도서관,235.71,"37.59165203, 126.91675015950001"
110,은평어린이영어도서관 (평생학습관 1층),서울특별시,은평구,30,14814,37.6077869,126.9213295,작은도서관,141.43,"37.6077869, 126.9213295"
111,역마루 작은도서관 (역촌동 주민센터),서울특별시,은평구,30,5041,37.60435017,126.91517830000001,작은도서관,141.43,"37.60435017, 126.91517830000001"
112,예뜰도서관,서울특별시,은평구,60,13000,37.59970722,126.9150085,작은도서관,282.86,"37.59970722, 126.9150085"
113,꿈꾸는 작은도서관 (꿈꾸는 다락방),서울특별시,은평구,40,2400,37.601996215999996,126.9185323915,작은도서관,188.57,"37.601996215999996, 126.9185323915"
114,초록길도서관,서울특별시,은평구,40,8045,37.6039323,126.9124473,작은도서관,188.57,"37.6039323, 126.9124473"
115,꿈마루 작은 도서관,서울특별시,은평구,20,1200,37.60262325,126.91889350000001,작은도서관,94.29,"37.60262325, 126.91889350000001"
116,청소년문화공간JU역촌동  작은 도서관,서울특별시,은평구,16,4500,37.60549462,126.91203349999999,작은도서관,75.43,"37.60549462, 126.91203349999999"
117,신사어린이도서관,서울특별시,은평구,40,9206,37.598048937,126.9121456,작은도서관,188.57,"37.598048937, 126.9121456"
118,시루뫼쉼터 (증산동 주민센터),서울특별시,은평구,22,2989,37.58425844,126.907082,작은도서관,103.71,"37.58425844, 126.907082"
119,성산작은도서관,서울특별시,은평구,30,5286,37.5841771285,126.9073025923,작은도서관,141.43,"37.5841771285, 126.9073025923"
120,서영 영어전문 작은도서관,서울특별시,은평구,15,3026,37.5865298724,126.9111446384,작은도서관,70.71,"37.5865298724, 126.9111446384"
121,이아이야작은도서관,서울특별시,은평구,20,1534,37.58251157,126.90525929999998,작은도서관,94.29,"37.58251157, 126.90525929999998"
122,은평노인종합복지관 작은 도서관,서울특별시,은평구,20,5047,37.6322515345,126.9299824191,작은도서관,94.29,"37.6322515345, 126.9299824191"
123,구산동 도서관마을,서울특별시,은평구,350,65745,37.6095101902,126.9130879469,공공도서관,2550.0,"37.6095101902, 126.9130879469"
124,내를건너서숲으로도서관,서울특별시,은평구,170,31159,37.591414,126.907816,공공도서관,1982.0,"37.591414, 126.907816"
125,은뜨락도서관,서울특별시,은평구,188,9042,37.6301404375,126.9199290898,공공도서관,1075.0,"37.6301404375, 126.9199290898"
126,은평작은도서관,서울특별시,은평구,14,12958,37.6024569702,126.92882355,작은도서관,66.0,"37.6024569702, 126.92882355"
127,녹번만화도서관,서울특별시,은평구,45,3197,37.6011055255,126.93514829680001,작은도서관,212.14,"37.6011055255, 126.93514829680001"
128,Book Bridge 작은 도서관,서울특별시,은평구,7,5521,37.59957186,126.9368368,작은도서관,33.0,"37.59957186, 126.9368368"
129,은광교회도서관,서울특별시,은평구,60,15000,37.6127035625,126.9297845,작은도서관,282.86,"37.6127035625, 126.9297845"
130,바다의 별 작은도서관,서울특별시,은평구,50,5402,37.6152603469,126.9264056222,작은도서관,235.71,"37.6152603469, 126.9264056222"
131,비전뜰 도서관,서울특별시,은평구,18,3000,37.6257009642,126.92079930959999,작은도서관,84.86,"37.6257009642, 126.92079930959999"
132,다니엘 작은도서관,서울특별시,은평구,20,4340,37.62578369,126.9275146,작은도서관,94.29,"37.62578369, 126.9275146"
133,천주교연신내성당 북카페,서울특별시,은평구,6,1506,37.6272305269,126.9287908705,작은도서관,28.29,"37.6272305269, 126.9287908705"
134,꿈담은 작은 도서관,서울특별시,은평구,12,2000,37.62566023,126.9285396,작은도서관,56.57,"37.62566023, 126.9285396"
135,갈현1동 고리마루작은도서관 (갈현1동 주민센터),서울특별시,은평구,11,5343,37.6236871299,126.916679,작은도서관,51.86,"37.6236871299, 126.916679"
136,정임도서관,서울특별시,은평구,40,4900,37.62781878,126.91929270000001,작은도서관,188.57,"37.62781878, 126.91929270000001"
137,효경골 마을문고 (갈현2동 주민센터),서울특별시,은평구,20,9675,37.6186769946,126.91577761280001,작은도서관,94.29,"37.6186769946, 126.91577761280001"
138,청소년도서관 작공,서울특별시,은평구,22,1948,37.61491999,126.91618600000001,작은도서관,103.71,"37.61491999, 126.91618600000001"
139,무지개영어도서관,서울특별시,은평구,16,2527,37.61494677,126.9075233,작은도서관,75.43,"37.61494677, 126.9075233"
140,대조꿈나무어린이도서관,서울특별시,은평구,56,15068,37.61387527,126.9207138,작은도서관,264.0,"37.61387527, 126.9207138"
141,대조제일교회  꿈꾸는 작은도서관,서울특별시,은평구,44,8491,37.61191616,126.9253585,작은도서관,207.43,"37.61191616, 126.9253585"
142,징검다리 도서관,서울특별시,은평구,10,7808,37.61079028,126.91834399999999,작은도서관,47.14,"37.61079028, 126.91834399999999"
143,은평문화의집 작은도서관 (응암1동 주민센터),서울특별시,은평구,50,11063,37.60075892,126.92690400000001,작은도서관,235.71,"37.60075892, 126.92690400000001"
144,쌍문3동 공립 작은도서관,서울특별시,서울특별시 도봉구,10,20253,37.648943700000004,127.02790859999999,작은도서관,66.0,"37.648943700000004, 127.02790859999999"
145,쌍문4동 공립 작은도서관,서울특별시,서울특별시 도봉구,18,12874,37.6564188,127.02836880000001,작은도서관,60.0,"37.6564188, 127.02836880000001"
146,창1동 공립 작은도서관,서울특별시,서울특별시 도봉구,12,14855,37.64833,127.04378,작은도서관,81.0,"37.64833, 127.04378"
147,창2동 공립 작은도서관,서울특별시,서울특별시 도봉구,2,13212,37.6413898,127.0356396,작은도서관,47.0,"37.6413898, 127.0356396"
148,창3동 공립 작은도서관,서울특별시,서울특별시 도봉구,16,10908,37.63811,127.04287,작은도서관,50.0,"37.63811, 127.04287"
149,창4동 공립 작은도서관,서울특별시,서울특별시 도봉구,0,14498,37.6522,127.05153999999999,작은도서관,26.0,"37.6522, 127.05153999999999"
150,창5동 공립 작은도서관,서울특별시,서울특별시 도봉구,42,20056,37.6562098,127.0434809,작은도서관,318.0,"37.6562098, 127.0434809"
151,북서울중학교 도서관,서울특별시,서울특별시 도봉구,0,29884,37.6813005,127.04302390000001,학교도서관,392.0,"37.6813005, 127.04302390000001"
152,창북중학교 도서관,서울특별시,서울특별시 도봉구,0,26488,37.649470799999996,127.03857659999998,학교도서관,206.0,"37.649470799999996, 127.03857659999998"
153,도봉구청사 행복작은도서관,서울특별시,서울특별시 도봉구,21,30135,37.6686287,127.04704960000001,작은도서관,218.0,"37.6686287, 127.04704960000001"
154,서울특별시교육청도봉도서관(종합자료실),서울특별시,서울특별시 도봉구,78,161366,37.6525847,127.0129824,공공도서관,2743.0,"37.6525847, 127.0129824"
155,서울특별시교육청도봉도서관(어린이자료실),서울특별시,서울특별시 도봉구,61,56850,37.652570000000004,127.0129,공공도서관,2743.0,"37.652570000000004, 127.0129"
156,서울특별시교육청도봉도서관(디지털자료실),서울특별시,서울특별시 도봉구,56,11580,37.6527461,127.01296629999999,공공도서관,2743.0,"37.6527461, 127.01296629999999"
157,도봉문화정보도서관(종합자료실),서울특별시,서울특별시 도봉구,80,45083,37.64458079999999,127.04388270000001,공공도서관,3216.0,"37.64458079999999, 127.04388270000001"
158,도봉문화정보도서관(어린이열람실),서울특별시,서울특별시 도봉구,48,26012,37.64458079999999,127.04388270000001,공공도서관,3216.0,"37.64458079999999, 127.04388270000001"
159,도봉어린이문화정보도서관(영 유아),서울특별시,서울특별시 도봉구,50,20095,37.659007200000005,127.0494699,공공도서관,1498.0,"37.659007200000005, 127.0494699"
160,도봉 기적의 도서관,서울특별시,서울특별시 도봉구,0,20732,37.6807721,127.0502436,공공도서관,4489.0,"37.6807721, 127.0502436"
161,도봉어린이문화정보도서관(디지털자료실),서울특별시,서울특별시 도봉구,8,1017,37.659007200000005,127.0494699,공공도서관,1498.0,"37.659007200000005, 127.0494699"
162,"도봉어린이문화정보센터(자료열람실, 잉글리시 아일랜드)",서울특별시,서울특별시 도봉구,67,44710,37.659007200000005,127.0494699,공공도서관,1498.0,"37.659007200000005, 127.0494699"
163,학마을도서관 (종합자료실),서울특별시,서울특별시 도봉구,36,35368,37.6621078,127.0278197,공공도서관,1781.0,"37.6621078, 127.0278197"
164,학마을도서관 (어린이 자료실),서울특별시,서울특별시 도봉구,0,21390,37.66211,127.02781999999999,공공도서관,1781.0,"37.66211, 127.02781999999999"
165,방학동영유아플라자,서울특별시,서울특별시 도봉구,0,15917,37.66323,127.03033,공공도서관,103.0,"37.66323, 127.03033"
166,창동영유아플라자,서울특별시,서울특별시 도봉구,0,5702,37.63351,127.0411,공공도서관,46.0,"37.63351, 127.0411"
167,무수골 도서관,서울특별시,서울특별시 도봉구,12,31848,37.682958899999996,127.0428608,어린이도서관,356.0,"37.682958899999996, 127.0428608"
168,방학1동 공립 작은도서관,서울특별시,서울특별시 도봉구,13,13328,37.6641869,127.04063670000001,작은도서관,105.0,"37.6641869, 127.04063670000001"
169,방학2동 공립 작은도서관,서울특별시,서울특별시 도봉구,6,14298,37.668177,127.0350425,작은도서관,60.0,"37.668177, 127.0350425"
170,방학3동 공립 작은도서관,서울특별시,서울특별시 도봉구,26,24289,37.659890000000004,127.02382,작은도서관,269.0,"37.659890000000004, 127.02382"
171,도봉1동 공립 작은도서관,서울특별시,서울특별시 도봉구,2,15170,37.678670399999994,127.04335690000002,작은도서관,83.0,"37.678670399999994, 127.04335690000002"
172,도봉2동 공립 작은도서관,서울특별시,서울특별시 도봉구,12,14187,37.6696229,127.0465415,작은도서관,53.0,"37.6696229, 127.0465415"
173,쌍문1동 공립 작은도서관,서울특별시,서울특별시 도봉구,6,14542,37.6479992,127.02603640000001,작은도서관,90.0,"37.6479992, 127.02603640000001"
174,쌍문2동 공립 작은도서관,서울특별시,서울특별시 도봉구,12,17620,37.6580211,127.03875079999999,작은도서관,71.0,"37.6580211, 127.03875079999999"
175,꿈을이루는작은도서관,서울특별시,마포구,20,16827,37.547105,126.952155,작은도서관,107.0,"37.547105, 126.952155"
176,아름드리작은도서관,서울특별시,마포구,20,17834,37.560313,126.90231599999998,작은도서관,181.0,"37.560313, 126.90231599999998"
177,해오름작은도서관,서울특별시,마포구,32,16065,37.555848,126.94236799999999,작은도서관,168.0,"37.555848, 126.94236799999999"
178,성메작은도서관,서울특별시,마포구,20,18208,37.56861,126.908975,작은도서관,165.0,"37.56861, 126.908975"
179,성산글마루작은도서관,서울특별시,마포구,20,15268,37.569702,126.90142,작은도서관,188.0,"37.569702, 126.90142"
180,늘푸른소나무작은도서관,서울특별시,마포구,20,18356,37.542233,126.95549399999999,작은도서관,174.0,"37.542233, 126.95549399999999"
181,복사골작은도서관,서울특별시,마포구,35,14527,37.539535,126.951922,작은도서관,350.0,"37.539535, 126.951922"
182,용강동작은도서관,서울특별시,마포구,20,14426,37.542328000000005,126.94283,작은도서관,190.0,"37.542328000000005, 126.94283"
183,초록숲작은도서관,서울특별시,마포구,50,8852,37.552161,126.951225,작은도서관,260.0,"37.552161, 126.951225"
184,마포푸르메어린이도서관,서울특별시,마포구,70,11465,37.584644,126.88051499999999,공공도서관,269.0,"37.584644, 126.88051499999999"
185,마포중앙도서관,서울특별시,마포구,620,131407,37.564019,126.908442,공공도서관,5131.0,"37.564019, 126.908442"
186,마포구립하늘도서관,서울특별시,마포구,130,37657,37.566379,126.90161599999999,공공도서관,426.0,"37.566379, 126.90161599999999"
187,마포구립서강도서관,서울특별시,마포구,209,70348,37.547737,126.93205900000001,공공도서관,1146.0,"37.547737, 126.93205900000001"
188,마포어린이영어도서관,서울특별시,마포구,20,20514,37.539535,126.951922,어린이도서관,216.48,"37.539535, 126.951922"
189,꿈나래어린이영어도서관,서울특별시,마포구,40,21690,37.555234999999996,126.90568400000001,어린이도서관,221.33,"37.555234999999996, 126.90568400000001"
190,성북정보도서관,서울특별시,성북구,480,180835,37.6049514,127.05058580000001,공공도서관,6667.0,"37.6049514, 127.05058580000001"
191,아리랑도서관,서울특별시,성북구,274,148278,37.60005935,127.01392859999999,공공도서관,2018.0,"37.60005935, 127.01392859999999"
192,해오름도서관,서울특별시,성북구,70,38922,37.59290593,127.00940259999999,공공도서관,342.0,"37.59290593, 127.00940259999999"
193,종암동새날도서관,서울특별시,성북구,110,38397,37.599036100000006,127.03522199999999,공공도서관,578.0,"37.599036100000006, 127.03522199999999"
194,서경로꿈마루도서관,서울특별시,성북구,30,8930,37.61146229,127.0138628,작은도서관,126.0,"37.61146229, 127.0138628"
195,석관동미리내도서관,서울특별시,성북구,89,30967,37.613479299999995,127.06549220000001,공공도서관,542.0,"37.613479299999995, 127.06549220000001"
196,달빛마루도서관,서울특별시,성북구,130,48346,37.6050584,127.03098929999999,공공도서관,829.0,"37.6050584, 127.03098929999999"
197,정릉도서관,서울특별시,성북구,81,25981,37.60474125,127.01058190000002,공공도서관,283.0,"37.60474125, 127.01058190000002"
198,청수도서관,서울특별시,성북구,95,30659,37.61174732,127.0107732,공공도서관,462.0,"37.61174732, 127.0107732"
199,아리랑어린이도서관,서울특별시,성북구,110,32484,37.59883044,127.01362490000001,공공도서관,693.0,"37.59883044, 127.01362490000001"
200,이음도서관,서울특별시,성북구,30,2501,37.58941179999999,127.01683270000001,작은도서관,179.0,"37.58941179999999, 127.01683270000001"
201,월곡꿈그림도서관,서울특별시,성북구,82,13586,37.60507324,127.04136740000001,공공도서관,340.0,"37.60507324, 127.04136740000001"
202,장위행복누림도서관,서울특별시,성북구,60,6391,37.61589067,127.04583600000001,공공도서관,398.0,"37.61589067, 127.04583600000001"
203,성북길빛도서관,서울특별시,성북구,250,153351,37.60996089,127.026443,공공도서관,1396.94,"37.60996089, 127.026443"
204,강북문화정보도서관,서울특별시,강북구,282,239591,37.625174,127.0360815951,공공도서관,5574.0,"37.625174, 127.0360815951"
205,강북청소년문화정보도서관,서울특별시,강북구,154,45693,37.6230802776,127.02155412129999,공공도서관,1777.0,"37.6230802776, 127.02155412129999"
206,솔샘문화정보도서관,서울특별시,강북구,132,55817,37.6204759388,127.012452,공공도서관,944.0,"37.6204759388, 127.012452"
207,송중문화정보도서관,서울특별시,강북구,67,31122,37.618342,127.0299391507,공공도서관,511.0,"37.618342, 127.0299391507"
208,수유문화정보도서관,서울특별시,강북구,152,40459,37.6300509732,127.01754299999999,공공도서관,951.0,"37.6300509732, 127.01754299999999"
209,중곡문화체육센터도서관,서울특별시,광진구,259,75764,37.5677777604,127.08480344719999,공공도서관,2032.0,"37.5677777604, 127.08480344719999"
210,용답동어린이작은도서관,서울특별시,성동구,20,6153,37.564066,127.055517,공공도서관,103.0,"37.564066, 127.055517"
211,송정동늘푸른작은도서관,서울특별시,성동구,6,5714,37.5510117564,127.068522,공공도서관,29.0,"37.5510117564, 127.068522"
212,성수2가제3동작은도서관,서울특별시,성동구,14,10969,37.54822203,127.055245898,공공도서관,99.0,"37.54822203, 127.055245898"
213,성수2가제1동어린이작은도서관,서울특별시,성동구,30,7657,37.539501,127.05405,공공도서관,59.0,"37.539501, 127.05405"
214,성수1가제2동어린이작은도서관,서울특별시,성동구,16,3603,37.5464030037,127.0443495423,공공도서관,35.0,"37.5464030037, 127.0443495423"
215,성수1가제1동작은도서관,서울특별시,성동구,20,7707,37.542037,127.04968600000001,공공도서관,60.0,"37.542037, 127.04968600000001"
216,옥수동북카페,서울특별시,성동구,5,3862,37.54367,127.01348600000001,공공도서관,24.0,"37.54367, 127.01348600000001"
217,금호4가동어린이작은도서관,서울특별시,성동구,20,7304,37.547171,127.02231,공공도서관,134.0,"37.547171, 127.02231"
218,"금호2,3가동어린이작은도서관",서울특별시,성동구,15,8794,37.553233,127.02091109530001,공공도서관,77.0,"37.553233, 127.02091109530001"
219,금호1가동우리동네북카페책단지꿀단지,서울특별시,성동구,28,4285,37.554834,127.02163700000001,공공도서관,71.0,"37.554834, 127.02163700000001"
220,응봉동어린이작은도서관,서울특별시,성동구,18,6379,37.553118,127.033401,공공도서관,84.0,"37.553118, 127.033401"
221,행당제2동어린이작은도서관,서울특별시,성동구,40,11760,37.5582215718,127.02936100000001,공공도서관,100.0,"37.5582215718, 127.02936100000001"
222,사근동어린이놀이터도서관,서울특별시,성동구,20,4964,37.5614997515,127.0453273317,공공도서관,51.8,"37.5614997515, 127.0453273317"
223,마장동작은도서관,서울특별시,성동구,20,4990,37.5663182489,127.0454072202,공공도서관,46.0,"37.5663182489, 127.0454072202"
224,왕십리제2동작은도서관,서울특별시,성동구,7,3293,37.561057,127.0305138351,공공도서관,50.58,"37.561057, 127.0305138351"
225,왕십리도선동희망문고,서울특별시,성동구,35,6627,37.567873934,127.0255270951,공공도서관,99.35,"37.567873934, 127.0255270951"
226,성동구립청계도서관,서울특별시,성동구,209,50359,37.567873934,127.0255270951,공공도서관,1189.55,"37.567873934, 127.0255270951"
227,성동구립성수도서관,서울특별시,성동구,212,53180,37.5454289206,127.0469470775,공공도서관,9726.0,"37.5454289206, 127.0469470775"
228,성동구립무지개도서관,서울특별시,성동구,148,45165,37.56342359,127.03696635870001,공공도서관,469.0,"37.56342359, 127.03696635870001"
229,성동구립용답도서관,서울특별시,성동구,217,86958,37.5666999281,127.05131399999999,공공도서관,1482.0,"37.5666999281, 127.05131399999999"
230,성동구립금호도서관,서울특별시,성동구,204,92738,37.554128462600005,127.0248931731,공공도서관,1517.0,"37.554128462600005, 127.0248931731"
231,성동구립도서관,서울특별시,성동구,542,237775,37.559178705,127.03495872959999,공공도서관,5692.0,"37.559178705, 127.03495872959999"
232,성동자활센터푸른하늘공부방청소년작은도서관,서울특별시,성동구,30,1804,37.546026,127.01952,공공도서관,125.0,"37.546026, 127.01952"
233,평강마을도서관,서울특별시,광진구,50,5317,37.5315743763,127.0760916014,작은도서관,235.71,"37.5315743763, 127.0760916014"
234,푸른꿈도서관,서울특별시,광진구,20,1700,37.5443638879,127.0880267748,작은도서관,94.29,"37.5443638879, 127.0880267748"
235,광장현대파크빌도서관,서울특별시,광진구,17,2921,37.5433581622,127.1017445096,작은도서관,80.14,"37.5433581622, 127.1017445096"
236,중곡교회작은도서관,서울특별시,광진구,12,2628,37.5569649607,127.09078497280001,작은도서관,56.57,"37.5569649607, 127.09078497280001"
237,아름드리작은도서관,서울특별시,광진구,20,6566,37.550536952,127.0979156802,작은도서관,94.29,"37.550536952, 127.0979156802"
238,어린이도서관주영심나무,서울특별시,광진구,50,3000,37.5562458875,127.0835680922,작은도서관,235.71,"37.5562458875, 127.0835680922"
239,아차산아래작은도서관놀자,서울특별시,광진구,35,7192,37.553855445,127.0944524651,작은도서관,165.0,"37.553855445, 127.0944524651"
240,하람도서관,서울특별시,광진구,12,2003,37.5621277199,127.088346475,작은도서관,56.57,"37.5621277199, 127.088346475"
241,운룡도서관,서울특별시,광진구,18,15007,37.554198183800004,127.0893601832,작은도서관,84.86,"37.554198183800004, 127.0893601832"
242,더바움문화예술작은도서관,서울특별시,광진구,12,3316,37.5414145366,127.0897296411,작은도서관,56.57,"37.5414145366, 127.0897296411"
243,성신비전스쿨도서관,서울특별시,광진구,20,3434,37.546460995,127.0666556281,작은도서관,94.29,"37.546460995, 127.0666556281"
244,이룸도서관,서울특별시,광진구,8,3006,37.557987296,127.0875991442,작은도서관,37.71,"37.557987296, 127.0875991442"
245,사람아이앤지작은도서관,서울특별시,광진구,40,4803,37.5499364826,127.0916862939,작은도서관,188.57,"37.5499364826, 127.0916862939"
246,샘터작은도서관,서울특별시,광진구,25,10310,37.5651522013,127.0873539922,작은도서관,117.86,"37.5651522013, 127.0873539922"
247,국제문학작은도서관,서울특별시,광진구,8,2504,37.550128127,127.0696600373,작은도서관,37.71,"37.550128127, 127.0696600373"
248,사하라작은도서관,서울특별시,광진구,20,1202,37.547611061,127.1056385177,작은도서관,94.29,"37.547611061, 127.1056385177"
249,광장동새마을작은도서관,서울특별시,광진구,15,4641,37.5468817706,127.1030121682,작은도서관,70.71,"37.5468817706, 127.1030121682"
250,자양1동새마을작은도서관,서울특별시,광진구,6,6413,37.5344965979,127.0823942981,작은도서관,28.29,"37.5344965979, 127.0823942981"
251,자양2동새마을작은도서관,서울특별시,광진구,17,9626,37.5288008634,127.0843882252,작은도서관,80.14,"37.5288008634, 127.0843882252"
252,자양3동새마을작은도서관,서울특별시,광진구,20,8405,37.5338324938,127.0729033288,작은도서관,94.29,"37.5338324938, 127.0729033288"
253,자양4동새마을작은도서관,서울특별시,광진구,12,4345,37.5402629812,127.065111265,작은도서관,56.57,"37.5402629812, 127.065111265"
254,화양동새마을작은도서관,서울특별시,광진구,10,9031,37.546537559099995,127.0713178828,작은도서관,47.14,"37.546537559099995, 127.0713178828"
255,군자동새마을작은도서관,서울특별시,광진구,10,5646,37.5551590639,127.0758892294,작은도서관,47.14,"37.5551590639, 127.0758892294"
256,자양전통시장작은도서관,서울특별시,광진구,20,1430,37.534383462,127.0791900066,작은도서관,94.29,"37.534383462, 127.0791900066"
257,날마다자라는나무,서울특별시,광진구,12,11236,37.5313871777,127.07576557670001,작은도서관,56.57,"37.5313871777, 127.07576557670001"
258,새빛작은도서관,서울특별시,광진구,30,8823,37.536323923299996,127.08225600950001,작은도서관,141.43,"37.536323923299996, 127.08225600950001"
259,예드림작은도서관,서울특별시,광진구,50,8250,37.543414391199995,127.0902072894,작은도서관,235.71,"37.543414391199995, 127.0902072894"
260,홍은도담도서관,서울특별시,서대문구,65,50196,37.601701,126.94895436350001,공공도서관,682.77,"37.601701, 126.94895436350001"
261,알음알음작은도서관,서울특별시,서대문구,30,14735,37.562901000000004,126.9623774124,작은도서관,106.0,"37.562901000000004, 126.9623774124"
262,하늘샘작은도서관,서울특별시,서대문구,18,7021,37.5696038711,126.9613145543,작은도서관,165.0,"37.5696038711, 126.9613145543"
263,북아현마을 북카페,서울특별시,서대문구,35,7592,37.559456,126.9570370835,작은도서관,90.0,"37.559456, 126.9570370835"
264,아이누리작은도서관,서울특별시,서대문구,39,12920,37.5693016535,126.9308744982,작은도서관,160.0,"37.5693016535, 126.9308744982"
265,햇살작은도서관,서울특별시,서대문구,25,8104,37.5932353499,126.9439055833,작은도서관,80.0,"37.5932353499, 126.9439055833"
266,행복작은도서관,서울특별시,서대문구,25,8575,37.5801082537,126.9341521459,작은도서관,91.0,"37.5801082537, 126.9341521459"
267,논골작은도서관,서울특별시,서대문구,80,5428,37.5693016535,126.9308744982,작은도서관,223.0,"37.5693016535, 126.9308744982"
268,새싹작은도서관,서울특별시,서대문구,40,13478,37.5831643081,126.94841005200001,작은도서관,125.0,"37.5831643081, 126.94841005200001"
269,꿈이있는작은도서관,서울특별시,서대문구,26,8312,37.5861055644,126.94936812569999,작은도서관,85.0,"37.5861055644, 126.94936812569999"
270,문화촌어린이도서관,서울특별시,서대문구,35,14766,37.593746,126.94969357040002,작은도서관,128.0,"37.593746, 126.94969357040002"
271,파랑새작은도서관,서울특별시,서대문구,48,8808,37.5732734312,126.91978172549999,작은도서관,124.0,"37.5732734312, 126.91978172549999"
272,늘푸른열린작은도서관,서울특별시,서대문구,23,6547,37.5743692999,126.9101357434,작은도서관,84.0,"37.5743692999, 126.9101357434"
273,가슴따뜻한작은도서관,서울특별시,서대문구,18,5485,37.581453,126.9111777976,작은도서관,16.0,"37.581453, 126.9111777976"
274,이팝꽃향기작은도서관,서울특별시,서대문구,6,2434,37.5837366469,126.910948698,작은도서관,18.0,"37.5837366469, 126.910948698"
275,파랑새작은도서관,서울특별시,노원구　,36,0,37.6574839423,127.06786537100001,작은도서관,169.71,"37.6574839423, 127.06786537100001"
276,이진아기념도서관,서울특별시,서대문구,238,172774,37.5729535429,126.955548686,공공도서관,2765.0,"37.5729535429, 126.955548686"
277,남가좌새롬어린이도서관,서울특별시,서대문구,75,65812,37.5783398402,126.9240464952,공공도서관,674.58,"37.5783398402, 126.9240464952"
278,책누리작은도서관,서울특별시,노원구　,25,0,37.6478031949,127.08028476700001,작은도서관,117.86,"37.6478031949, 127.08028476700001"
279,책사랑북카페,서울특별시,노원구　,46,0,37.6525478478,127.0774749928,작은도서관,216.86,"37.6525478478, 127.0774749928"
280,하늘작은도서관,서울특별시,노원구　,38,0,37.6421306904,127.06873064610001,작은도서관,179.14,"37.6421306904, 127.06873064610001"
281,중계사랑북카페,서울특별시,노원구　,30,0,37.6587642944,127.07797557090001,작은도서관,141.43,"37.6587642944, 127.07797557090001"
282,푸른숲작은도서관,서울특별시,노원구　,6,0,37.6799286708,127.05496252379999,작은도서관,28.29,"37.6799286708, 127.05496252379999"
283,열린작은도서관,서울특별시,노원구　,4,0,37.6320437141,127.0679509873,작은도서관,18.86,"37.6320437141, 127.0679509873"
284,월계문화정보도서관,서울특별시,노원구　,511,139981,37.628636998699996,127.0561210123,공공도서관,1962.0,"37.628636998699996, 127.0561210123"
285,상계문화정보도서관,서울특별시,노원구　,467,88614,37.678528117199996,127.0519415788,공공도서관,2366.0,"37.678528117199996, 127.0519415788"
286,불암도서관,서울특별시,노원구　,410,33914,37.661100289699995,127.06500812450001,공공도서관,1844.4,"37.661100289699995, 127.06500812450001"
287,화랑도서관,서울특별시,노원구　,274,62513,37.6215213438,127.0830475523,공공도서관,937.0,"37.6215213438, 127.0830475523"
288,한내도서관,서울특별시,노원구　,120,14853,37.6235883764,127.0687815367,공공도서관,359.37,"37.6235883764, 127.0687815367"
289,향기나무도서관,서울특별시,노원구　,140,12690,37.6235883764,127.0687815367,공공도서관,920.0,"37.6235883764, 127.0687815367"
290,공릉도서관,서울특별시,노원구　,112,20429,37.6235883764,127.0687815367,공공도서관,691.0,"37.6235883764, 127.0687815367"
291,월계어린이도서관,서울특별시,노원구　,80,14748,37.6235883764,127.0687815367,공공도서관,2344.12,"37.6235883764, 127.0687815367"
292,꿈꾸는작은도서관,서울특별시,노원구　,14,0,37.6199913215,127.0628835944,작은도서관,66.0,"37.6199913215, 127.0628835944"
293,달내작은도서관,서울특별시,노원구　,18,0,37.632510053800004,127.0507811632,작은도서관,84.86,"37.632510053800004, 127.0507811632"
294,도란도란작은도서관,서울특별시,노원구　,18,0,37.6247782832,127.0737487566,작은도서관,84.86,"37.6247782832, 127.0737487566"
295,책이랑친구랑작은도서관,서울특별시,노원구　,8,0,37.621286854000004,127.08337804879999,작은도서관,37.71,"37.621286854000004, 127.08337804879999"
296,가재울작은도서관,서울특별시,노원구　,15,0,37.6405606854,127.0725588183,작은도서관,70.71,"37.6405606854, 127.0725588183"
297,노원정보도서관,서울특별시,노원구　,847,178955,37.661100289699995,127.06500812450001,공공도서관,6526.0,"37.661100289699995, 127.06500812450001"
298,노원어린이도서관,서울특별시,노원구　,380,119203,37.657950851500004,127.0763790514,공공도서관,1361.88,"37.657950851500004, 127.0763790514"
299,서울특별시교육청송파도서관,서울특별시,송파구,1044,235927,37.49993098,127.1348112,공공도서관,8259.7,"37.49993098, 127.1348112"
300,목화마을공립작은도서관,서울특별시,영등포구,24,7770,37.5189805683,126.88627997,작은도서관,110.0,"37.5189805683, 126.88627997"
301,대림3동공립작은도서관,서울특별시,영등포구,19,10135,37.498301,126.8980361789,작은도서관,66.0,"37.498301, 126.8980361789"
302,대림2동공립작은도서관,서울특별시,영등포구,16,10520,37.492739810799996,126.8982518231,작은도서관,34.0,"37.492739810799996, 126.8982518231"
303,대림1동공립작은도서관,서울특별시,영등포구,24,12651,37.4953953486,126.90620019139999,작은도서관,130.0,"37.4953953486, 126.90620019139999"
304,신길7동공립작은도서관,서울특별시,영등포구,18,7998,37.506384999999995,126.9215136423,작은도서관,39.0,"37.506384999999995, 126.9215136423"
305,신길6동공립작은도서관,서울특별시,영등포구,30,11365,37.4992023763,126.91242886110001,작은도서관,96.0,"37.4992023763, 126.91242886110001"
306,신길5동공립작은도서관,서울특별시,영등포구,14,8822,37.501614000000004,126.905219788,작은도서관,66.0,"37.501614000000004, 126.905219788"
307,신길4동공립작은도서관,서울특별시,영등포구,10,7866,37.508428,126.9112779842,작은도서관,36.0,"37.508428, 126.9112779842"
308,신길3동공립작은도서관,서울특별시,영등포구,12,7045,37.507284999999996,126.90775061379999,작은도서관,40.0,"37.507284999999996, 126.90775061379999"
309,신길1동공립작은도서관,서울특별시,영등포구,25,13140,37.511134999999996,126.92144077469999,작은도서관,97.0,"37.511134999999996, 126.92144077469999"
310,양평2동공립작은도서관,서울특별시,영등포구,6,5591,37.5364996477,126.89403772450001,작은도서관,36.0,"37.5364996477, 126.89403772450001"
311,양평1동공립작은도서관,서울특별시,영등포구,8,6351,37.523615,126.8882276932,작은도서관,34.0,"37.523615, 126.8882276932"
312,문래동공립작은도서관,서울특별시,영등포구,50,5760,37.5155327039,126.89135718899999,작은도서관,80.0,"37.5155327039, 126.89135718899999"
313,문래정보문화도서관,서울특별시,영등포구,225,69774,37.5168549495,126.8908937629,공공도서관,1796.0,"37.5168549495, 126.8908937629"
314,대림정보문화도서관,서울특별시,영등포구,188,79216,37.5043176474,126.89607823950001,공공도서관,1946.0,"37.5043176474, 126.89607823950001"
315,도림동공립작은도서관,서울특별시,영등포구,30,9075,37.509966999999996,126.9080504209,작은도서관,74.0,"37.509966999999996, 126.9080504209"
316,당산2동공립작은도서관,서울특별시,영등포구,10,6686,37.534708199,126.9020869157,작은도서관,33.0,"37.534708199, 126.9020869157"
317,당산1동공립작은도서관,서울특별시,영등포구,22,5903,37.523058,126.8984640301,작은도서관,132.0,"37.523058, 126.8984640301"
318,여의동공립작은도서관,서울특별시,영등포구,20,9415,37.517658000000004,126.93461424659999,작은도서관,62.0,"37.517658000000004, 126.93461424659999"
319,영등포동공립작은도서관,서울특별시,영등포구,30,6564,37.5251004299,126.902701312,작은도서관,194.0,"37.5251004299, 126.902701312"
320,신길2동(분소)공립작은도서관,서울특별시,영등포구,8,10090,37.5136578488,126.9170766384,작은도서관,50.0,"37.5136578488, 126.9170766384"
321,영등포본동공립작은도서관,서울특별시,영등포구,8,7994,37.514649,126.90933868299999,작은도서관,65.0,"37.514649, 126.90933868299999"
322,영등포구지부공립작은도서관,서울특별시,영등포구,46,9825,37.526010082,126.90011174290001,작은도서관,128.0,"37.526010082, 126.90011174290001"
323,여의디지털도서관,서울특별시,영등포구,70,17164,37.5221796951,126.91991790889999,공공도서관,458.0,"37.5221796951, 126.91991790889999"
324,선유정보문화도서관,서울특별시,영등포구,204,75235,37.533330738400004,126.8929379628,공공도서관,2340.0,"37.533330738400004, 126.8929379628"
325,청운문학도서관,서울특별시,종로구,115,26823,37.5903786,126.9659189,공공도서관,744.8,"37.5903786, 126.9659189"
326,아름꿈도서관,서울특별시,종로구,97,24019,37.5726975,127.01711570000002,공공도서관,524.1,"37.5726975, 127.01711570000002"
327,어린이청소년국학도서관,서울특별시,종로구,80,11713,37.5886859,126.9955389,공공도서관,511.6,"37.5886859, 126.9955389"
328,작은도서관 삼봉서랑,서울특별시,종로구,67,14465,37.573197799999996,126.9788134,작은도서관,224.0,"37.573197799999996, 126.9788134"
329,삼청공원 숲속도서관,서울특별시,종로구,50,8493,37.5879786,126.98408540000001,작은도서관,206.3,"37.5879786, 126.98408540000001"
330,우리소리도서관,서울특별시,종로구,40,3903,37.574493100000005,126.99023290000001,작은도서관,587.8,"37.574493100000005, 126.99023290000001"
331,통인 어린이 작은도서관,서울특별시,종로구,50,16019,37.5804256,126.9705288,작은도서관,229.5,"37.5804256, 126.9705288"
332,도담도담 한옥도서관,서울특별시,종로구,30,7331,37.5769278,127.02183959999999,작은도서관,107.9,"37.5769278, 127.02183959999999"
333,청운효자동 북카페,서울특별시,종로구,41,7549,37.5840909,126.9706225,작은도서관,127.0,"37.5840909, 126.9706225"
334,꿈꾸는 평창동 작은도서관,서울특별시,종로구,13,6632,37.606373600000005,126.96836680000001,작은도서관,38.5,"37.606373600000005, 126.96836680000001"
335,무악다솜방,서울특별시,종로구,30,6167,37.5759998,126.95815959999999,작은도서관,43.2,"37.5759998, 126.95815959999999"
336,홍파랑 북카페,서울특별시,종로구,10,7098,37.5719142,126.9619608,작은도서관,34.3,"37.5719142, 126.9619608"
337,지혜만들기 작은도서관,서울특별시,종로구,16,7202,37.572060799999996,127.00503049999999,작은도서관,46.0,"37.572060799999996, 127.00503049999999"
338,이화마을 작은도서관,서울특별시,종로구,32,8731,37.5769802,127.00434709999999,작은도서관,90.0,"37.5769802, 127.00434709999999"
339,혜화마을 북카페,서울특별시,종로구,16,6144,37.5868552,127.00056609999999,작은도서관,47.2,"37.5868552, 127.00056609999999"
340,창이 작은도서관,서울특별시,종로구,22,6606,37.5744498,127.0108719,작은도서관,64.0,"37.5744498, 127.0108719"
341,숭인마루 작은도서관,서울특별시,종로구,18,6210,37.577822600000005,127.01562709999999,작은도서관,69.0,"37.577822600000005, 127.01562709999999"
342,개봉어린이도서관,서울특별시,구로구,77,33960,37.496705,126.85591200000002,공공도서관,492.0,"37.496705, 126.85591200000002"
343,하늘도서관,서울특별시,구로구,105,29002,37.48737567,126.8813483,공공도서관,521.0,"37.48737567, 126.8813483"
344,개봉도서관,서울특별시,구로구,74,21020,37.48952311,126.8579748,공공도서관,275.0,"37.48952311, 126.8579748"
345,글마루한옥어린이도서관,서울특별시,구로구,60,28499,37.50691506,126.84562700000001,공공도서관,441.0,"37.50691506, 126.84562700000001"
346,궁동어린이도서관,서울특별시,구로구,150,18885,37.502239,126.82926140000001,공공도서관,660.0,"37.502239, 126.82926140000001"
347,신도림어린이영어작은도서관,서울특별시,구로구,20,14461,37.50778089,126.88059299999999,공공도서관,107.0,"37.50778089, 126.88059299999999"
348,구로기적의도서관,서울특별시,구로구,41,17618,37.50673603,126.87731200000002,공공도서관,1210.0,"37.50673603, 126.87731200000002"
349,오류도서관,서울특별시,구로구,72,1500,37.49722308,126.84232279999999,공공도서관,306.49,"37.49722308, 126.84232279999999"
350,꿈나무도서관,서울특별시,구로구,87,68676,37.48987838,126.88655929999999,공공도서관,638.0,"37.48987838, 126.88655929999999"
351,꿈마을도서관,서울특별시,구로구,113,18648,37.487167,126.890156,공공도서관,476.0,"37.487167, 126.890156"
352,구로구립온누리도서관,서울특별시,구로구,68,29700,37.49746124,126.8865524,공공도서관,460.0,"37.49746124, 126.8865524"
353,나누리 작은도서관,서울특별시,금천구,30,8232,37.45310408,126.908929,작은도서관,100.0,"37.45310408, 126.908929"
354,마루한 작은도서관,서울특별시,금천구,30,1800,37.4525952686,126.9058063383,작은도서관,91.14,"37.4525952686, 126.9058063383"
355,금천구립독산도서관,서울특별시,금천구,408,123498,37.467565,126.9081069,공공도서관,2205.0,"37.467565, 126.9081069"
356,해오름작은도서관,서울특별시,금천구,24,8424,37.47022076,126.89704340000002,작은도서관,100.6,"37.47022076, 126.89704340000002"
357,참새작은도서관,서울특별시,금천구,12,5577,37.45738796,126.88654960000001,작은도서관,262.34,"37.45738796, 126.88654960000001"
358,미래향기작은도서관,서울특별시,금천구,31,2545,37.46611089,126.89973700000002,작은도서관,148.57,"37.46611089, 126.89973700000002"
359,청개구리작은도서관,서울특별시,금천구,33,10806,37.475136,126.90317309999999,작은도서관,104.98,"37.475136, 126.90317309999999"
360,꿈씨어린이작은도서관,서울특별시,금천구,50,16207,37.46755452,126.902133,작은도서관,215.6,"37.46755452, 126.902133"
361,맑은누리작은도서관,서울특별시,금천구,24,9514,37.453534000000005,126.9032507,작은도서관,99.0,"37.453534000000005, 126.9032507"
362,꿈꾸는작은도서관,서울특별시,금천구,10,6028,37.440257,126.90580349999999,작은도서관,299.25,"37.440257, 126.90580349999999"
363,도란도란작은도서관,서울특별시,금천구,14,9663,37.458965,126.906172,작은도서관,62.0,"37.458965, 126.906172"
364,책읽는주민사랑방작은도서관,서울특별시,금천구,10,3886,37.452373,126.9083063,작은도서관,33.0,"37.452373, 126.9083063"
365,책이든거리작은도서관,서울특별시,금천구,16,5091,37.46683555,126.88799966139999,작은도서관,45.3,"37.46683555, 126.88799966139999"
366,우리울 작은도서관,서울특별시,금천구,33,1300,37.46493455,126.894003,작은도서관,59.4,"37.46493455, 126.894003"
367,롯데캐슬1차 작은도서관,서울특별시,금천구,30,2500,37.46005722,126.89284359999999,작은도서관,76.39,"37.46005722, 126.89284359999999"
368,지혜의숲 작은도서관,서울특별시,금천구,16,9071,37.46181446,126.8992884,작은도서관,59.0,"37.46181446, 126.8992884"
369,책읽는마을 작은도서관,서울특별시,금천구,30,6573,37.46865174,126.904183,작은도서관,60.0,"37.46865174, 126.904183"
370,트리니티 작은도서관,서울특별시,금천구,12,1320,37.45717329,126.90023300000001,작은도서관,34.0,"37.45717329, 126.90023300000001"
371,산돌어린이도서관,서울특별시,금천구,180,1400,37.45760055,126.89837299999999,작은도서관,307.0,"37.45760055, 126.89837299999999"
372,소망의나무어린이 작은도서관,서울특별시,금천구,20,6579,37.45455245,126.90379640000002,작은도서관,111.35,"37.45455245, 126.90379640000002"
373,은행나무어린이도서관,서울특별시,금천구,40,11101,37.45228958,126.913703,작은도서관,102.94,"37.45228958, 126.913703"
374,길빛 작은도서관,서울특별시,금천구,20,3000,37.44883366,126.90482990000001,작은도서관,99.17,"37.44883366, 126.90482990000001"
375,샘솟는 작은도서관,서울특별시,금천구,35,1700,37.46523095,126.9034346,작은도서관,79.4,"37.46523095, 126.9034346"
376,와서 작은도서관,서울특별시,금천구,30,2039,37.483792,126.88365300000001,작은도서관,198.96,"37.483792, 126.88365300000001"
377,금천구립시흥도서관,서울특별시,금천구,364,75262,37.449695,126.91461129999999,공공도서관,2190.0,"37.449695, 126.91461129999999"
378,금천구립금나래도서관,서울특별시,금천구,321,74102,37.45706511,126.8960352,공공도서관,918.19,"37.45706511, 126.8960352"
379,금천구립가산도서관,서울특별시,금천구,350,83001,37.47349244,126.892128,공공도서관,2215.0,"37.47349244, 126.892128"
380,구의2동새마을작은도서관,서울특별시,광진구,16,5980,37.547242052,127.0899222098,작은도서관,75.43,"37.547242052, 127.0899222098"
381,구의제3동도서관,서울특별시,광진구,64,23558,37.537992607,127.0919839534,공공도서관,305.0,"37.537992607, 127.0919839534"
382,중곡1동새마을작은도서관,서울특별시,광진구,12,10619,37.5606668136,127.0800508301,작은도서관,56.57,"37.5606668136, 127.0800508301"
383,중곡2동새마을작은도서관,서울특별시,광진구,10,5687,37.5601504684,127.08147635120001,작은도서관,47.14,"37.5601504684, 127.08147635120001"
384,중곡3동새마을작은도서관,서울특별시,광진구,30,4335,37.568808155300005,127.08013651379999,작은도서관,141.43,"37.568808155300005, 127.08013651379999"
385,중곡4동새마을작은도서관,서울특별시,광진구,25,5280,37.5590995526,127.0894339436,작은도서관,117.86,"37.5590995526, 127.0894339436"
386,능동새마을작은도서관,서울특별시,광진구,10,7368,37.5537612317,127.0805504482,작은도서관,47.14,"37.5537612317, 127.0805504482"
387,구의1동새마을작은도서관,서울특별시,광진구,8,5738,37.5424915454,127.08566644950001,작은도서관,37.71,"37.5424915454, 127.08566644950001"
388,열린도서관,서울특별시,강남구,80,29362,37.484020869,127.08445994,공공도서관,450.0,"37.484020869, 127.08445994"
389,삼성도서관,서울특별시,강남구,64,22528,37.514355126,127.06260935,작은도서관,96.0,"37.514355126, 127.06260935"
390,못골도서관,서울특별시,강남구,196,40052,37.47153801,127.09658259,공공도서관,1056.0,"37.47153801, 127.09658259"
391,못골한옥어린이도서관,서울특별시,강남구,68,17790,37.473304981,127.09972763,어린이도서관,372.0,"37.473304981, 127.09972763"
392,고맙습니다 작은도서관,서울특별시,양천구,50,10107,37.5151474248,126.854773,작은도서관,178.0,"37.5151474248, 126.854773"
393,넓은들작은도서관,서울특별시,양천구,20,10165,37.5114326403,126.841571,작은도서관,183.0,"37.5114326403, 126.841571"
394,목1동도서방 (목1동주민센터 2층),서울특별시,양천구,12,6005,37.530392,126.87111999999999,작은도서관,63.0,"37.530392, 126.87111999999999"
395,신월6동도서방 (신월6동주민센터 2층),서울특별시,양천구,36,11101,37.514545762800005,126.8409606665,작은도서관,112.0,"37.514545762800005, 126.8409606665"
396,신월7동도서방 (신월7동주민센터 2층),서울특별시,양천구,10,5824,37.5218821521,126.834709782,작은도서관,34.5,"37.5218821521, 126.834709782"
397,신정6동도서방 (신정6동주민센터 2층),서울특별시,양천구,12,13484,37.517081,126.86438829209999,작은도서관,148.7,"37.517081, 126.86438829209999"
398,신정7동도서방 (신정7동주민센터 2층),서울특별시,양천구,10,10207,37.514474,126.8596695756,작은도서관,40.0,"37.514474, 126.8596695756"
399,세곡도서관,서울특별시,강남구,26,26775,37.469049536,127.10691151,작은도서관,121.0,"37.469049536, 127.10691151"
400,대치1작은도서관,서울특별시,강남구,26,20291,37.493245715,127.05677492,작은도서관,73.0,"37.493245715, 127.05677492"
401,역삼2동작은도서관,서울특별시,강남구,18,12136,37.495891968,127.04647729,작은도서관,121.92,"37.495891968, 127.04647729"
402,신사동작은도서관,서울특별시,강남구,6,6609,37.523974213,127.02279711,작은도서관,33.0,"37.523974213, 127.02279711"
403,압구정동작은도서관,서울특별시,강남구,9,8093,37.526785009,127.02445419,작은도서관,33.0,"37.526785009, 127.02445419"
404,도곡2동 작은도서관,서울특별시,강남구,25,6151,37.4837230766,127.04641546,작은도서관,34.0,"37.4837230766, 127.04641546"
405,개포4동작은도서관,서울특별시,강남구,8,8488,37.478821120999996,127.05165832,작은도서관,33.0,"37.478821120999996, 127.05165832"
406,일원본동 작은도서관,서울특별시,강남구,6,9290,37.483377889,127.08648081,작은도서관,33.0,"37.483377889, 127.08648081"
407,수서동 작은도서관,서울특별시,강남구,6,6479,37.488902286999995,127.10499042,작은도서관,33.0,"37.488902286999995, 127.10499042"
408,일원1동 작은도서관,서울특별시,강남구,12,2318,37.491853426999995,127.08802844,작은도서관,33.0,"37.491853426999995, 127.08802844"
409,도곡정보문화도서관,서울특별시,강남구,600,101295,37.488311835,127.03887868,공공도서관,2930.0,"37.488311835, 127.03887868"
410,논현도서관,서울특별시,강남구,190,44920,37.517277909,127.03720420479999,공공도서관,450.0,"37.517277909, 127.03720420479999"
411,정다운도서관,서울특별시,강남구,66,45417,37.519098264,127.0464419,공공도서관,307.0,"37.519098264, 127.0464419"
412,청담도서관,서울특별시,강남구,72,30232,37.525090578000004,127.04929191,공공도서관,348.0,"37.525090578000004, 127.04929191"
413,대치도서관,서울특별시,강남구,143,54800,37.49961649,127.06591734,공공도서관,580.0,"37.49961649, 127.06591734"
414,즐거운도서관,서울특별시,강남구,94,36254,37.499728838,127.05784739,공공도서관,325.0,"37.499728838, 127.05784739"
415,행복한도서관,서울특별시,강남구,142,42986,37.502306044,127.06418712,공공도서관,434.0,"37.502306044, 127.06418712"
416,역삼푸른솔도서관,서울특별시,강남구,134,37263,37.49649864,127.03203001,공공도서관,568.0,"37.49649864, 127.03203001"
417,역삼도서관,서울특별시,강남구,115,33824,37.495373838,127.03328248,공공도서관,396.0,"37.495373838, 127.03328248"
418,논현정보도서관,서울특별시,강남구,22,20457,37.513863518,127.02932278,작은도서관,169.0,"37.513863518, 127.02932278"
419,자양제4동도서관,서울특별시,광진구,98,27504,37.5340958963,127.0662599419,공공도서관,333.0,"37.5340958963, 127.0662599419"
420,곰달래도서관,서울특별시,강서구,417,60677,37.52905871,126.848899,공공도서관,1641.0,"37.52905871, 126.848899"
421,등빛도서관,서울특별시,강서구,386,93818,37.56245560000001,126.84237549999999,공공도서관,2281.0,"37.56245560000001, 126.84237549999999"
422,가양도서관,서울특별시,강서구,411,48726,37.55996148,126.8655601,공공도서관,1535.0,"37.55996148, 126.8655601"
423,도란도란쉼터작은도서관,서울특별시,강서구,60,10959,37.56948645,126.8447061,작은도서관,282.86,"37.56948645, 126.8447061"
424,허준마을작은도서관,서울특별시,강서구,35,8775,37.56739738,126.851271,작은도서관,165.0,"37.56739738, 126.851271"
425,도리샘작은도서관,서울특별시,강서구,20,6809,37.56108734,126.86055990000001,작은도서관,94.29,"37.56108734, 126.86055990000001"
426,책향기작은도서관,서울특별시,강서구,48,10855,37.55311585,126.8331787,작은도서관,226.29,"37.55311585, 126.8331787"
427,송정작은도서관,서울특별시,강서구,30,7143,37.55878245,126.8100731,작은도서관,141.43,"37.55878245, 126.8100731"
428,글벗누리작은도서관,서울특별시,강서구,50,10061,37.57034422,126.81705290000001,작은도서관,235.71,"37.57034422, 126.81705290000001"
429,채움작은도서관,서울특별시,강서구,30,7288,37.56672021,126.8067388,작은도서관,141.43,"37.56672021, 126.8067388"
430,방그리나작은도서관,서울특별시,강서구,34,5991,37.57871815,126.8136588,작은도서관,160.29,"37.57871815, 126.8136588"
431,수명산작은도서관,서울특별시,강서구,60,9796,37.5541175,126.82552150000001,작은도서관,282.86,"37.5541175, 126.82552150000001"
432,옹기종기작은도서관,서울특별시,강서구,33,6942,37.55302513,126.8667223,작은도서관,155.57,"37.55302513, 126.8667223"
433,해뜰작은도서관,서울특별시,강서구,36,8760,37.57424491,126.82016770000001,작은도서관,169.71,"37.57424491, 126.82016770000001"
434,꿈자람책놀이터작은도서관,서울특별시,강서구,30,13007,37.57071896,126.8057278,작은도서관,141.43,"37.57071896, 126.8057278"
435,초록동작은도서관,서울특별시,강서구,50,4544,37.54114963,126.84850800000001,작은도서관,235.71,"37.54114963, 126.84850800000001"
436,가람작은도서관,서울특별시,강서구,48,5798,37.56462873,126.8535176,작은도서관,226.29,"37.56462873, 126.8535176"
437,솔뫼작은도서관,서울특별시,강서구,20,4220,37.53802615,126.8385211,작은도서관,94.29,"37.53802615, 126.8385211"
438,꿈꾸는어린이도서관,서울특별시,강서구,220,81011,37.54733808,126.87331840000002,공공도서관,855.0,"37.54733808, 126.87331840000002"
439,우장산숲속도서관,서울특별시,강서구,129,54459,37.5482876,126.841835,공공도서관,601.0,"37.5482876, 126.841835"
440,길꽃어린이도서관,서울특별시,강서구,200,80317,37.57871815,126.8136588,공공도서관,539.0,"37.57871815, 126.8136588"
441,푸른들청소년도서관,서울특별시,강서구,212,74621,37.5446709,126.8351800028,공공도서관,707.0,"37.5446709, 126.8351800028"
442,강서영어도서관,서울특별시,강서구,177,46176,37.53468478,126.8608037,공공도서관,541.0,"37.53468478, 126.8608037"
443,갈산도서관,서울특별시,양천구,95,44700,37.508815999999996,126.8673121272,공공도서관,2678.0,"37.508815999999996, 126.8673121272"
444,신월음악도서관,서울특별시,양천구,230,55830,37.5246970658,126.84006699999999,공공도서관,840.0,"37.5246970658, 126.84006699999999"
445,미감도서관,서울특별시,양천구,60,15227,37.538939,126.86546299999999,공공도서관,266.0,"37.538939, 126.86546299999999"
446,목마교육도서관,서울특별시,양천구,70,32022,37.537144,126.881721,공공도서관,543.0,"37.537144, 126.881721"
447,개울건강도서관,서울특별시,양천구,36,25164,37.525988,126.856602469,공공도서관,416.0,"37.525988, 126.856602469"
448,방아다리문학도서관,서울특별시,양천구,84,28571,37.538543,126.82714299999999,공공도서관,294.0,"37.538543, 126.82714299999999"
449,해맞이역사도서관,서울특별시,양천구,160,23876,37.5190758825,126.8356073444,공공도서관,1146.0,"37.5190758825, 126.8356073444"
450,영어특성화도서관,서울특별시,양천구,100,63007,37.515935999999996,126.86386499999999,공공도서관,715.0,"37.515935999999996, 126.86386499999999"
451,달마을작은도서관,서울특별시,양천구,60,10994,37.546114,126.87170002270001,작은도서관,177.0,"37.546114, 126.87170002270001"
452,꿈자람 작은도서관,서울특별시,양천구,50,11212,37.544781,126.864407,작은도서관,168.0,"37.544781, 126.864407"
453,고운달 작은도서관,서울특별시,양천구,44,6349,37.532804994,126.831562,작은도서관,161.0,"37.532804994, 126.831562"
454,고운맘 작은도서관,서울특별시,양천구,30,9845,37.5249733583,126.8445676534,작은도서관,89.0,"37.5249733583, 126.8445676534"
455,달빛마을 작은도서관,서울특별시,양천구,33,8002,37.533662,126.82909599999999,작은도서관,132.0,"37.533662, 126.82909599999999"
456,지양마을 작은도서관,서울특별시,양천구,20,4751,37.521851,126.826659,작은도서관,81.0,"37.521851, 126.826659"
457,그린나래미술도서관,서울특별시,양천구,40,8836,37.518570614299996,126.854299,작은도서관,218.0,"37.518570614299996, 126.854299"
458,호롱불작은도서관,서울특별시,양천구,35,7966,37.519195,126.87056499999998,작은도서관,98.0,"37.519195, 126.87056499999998"
459,등마루골작은도서관,서울특별시,강서구,56,8036,37.54265881,126.86250430000001,작은도서관,264.0,"37.54265881, 126.86250430000001"
460,큰마음작은도서관,서울특별시,강서구,30,6930,37.55888772,126.84791969999999,작은도서관,141.43,"37.55888772, 126.84791969999999"
461,초록향기작은도서관,서울특별시,강서구,28,7977,37.54404976,126.84766470000001,작은도서관,132.0,"37.54404976, 126.84766470000001"
462,꿈터작은도서관,서울특별시,강서구,30,8535,37.53050876,126.84159199999999,작은도서관,141.43,"37.53050876, 126.84159199999999"
463,옹달샘작은도서관,서울특별시,강서구,30,7200,37.5318264,126.8544869,작은도서관,141.43,"37.5318264, 126.8544869"
464,책마루작은도서관,서울특별시,강서구,50,9384,37.54252739,126.8384119,작은도서관,235.71,"37.54252739, 126.8384119"
465,볏고을작은도서관,서울특별시,강서구,20,8092,37.53468478,126.8608037,작은도서관,94.29,"37.53468478, 126.8608037"
466,역마을작은도서관,서울특별시,강서구,60,6089,37.55181585,126.8500753,작은도서관,282.86,"37.55181585, 126.8500753"
467,배다리작은도서관,서울특별시,강서구,45,9341,37.53269442,126.84833049999999,작은도서관,212.14,"37.53269442, 126.84833049999999"
468,내발산작은도서관,서울특별시,강서구,35,10469,37.55749761,126.8431963,작은도서관,165.0,"37.55749761, 126.8431963"
469,성내도서관,서울특별시,강동구,0,80321,37.53284628,127.1333283,공공도서관,1035.0,"37.53284628, 127.1333283"
470,해공도서관,서울특별시,강동구,72,103098,37.5439476727,127.12553837870001,공공도서관,1932.0,"37.5439476727, 127.12553837870001"
471,강일도서관,서울특별시,강동구,96,95848,37.5650504,127.17390630000001,공공도서관,1208.0,"37.5650504, 127.17390630000001"
472,암사도서관,서울특별시,강동구,108,92741,37.552800700000006,127.13334569999999,공공도서관,1759.0,"37.552800700000006, 127.13334569999999"
473,천호도서관,서울특별시,강동구,0,39449,37.54052196,127.1340837,공공도서관,997.0,"37.54052196, 127.1340837"
474,미아문화정보도서관,서울특별시,강북구,140,38386,37.627063,127.026981,공공도서관,751.0,"37.627063, 127.026981"
475,삼각산어린이도서관,서울특별시,강북구,182,22114,37.615148126,127.02074086280001,공공도서관,2389.0,"37.615148126, 127.02074086280001"
476,아리향기작은도서관,서울특별시,강서구,40,9465,37.55377226,126.8709672,작은도서관,188.57,"37.55377226, 126.8709672"
477,생각열매작은도서관,서울특별시,강서구,16,8325,37.55582716,126.8589084,작은도서관,75.43,"37.55582716, 126.8589084"
478,한내행복발전소,서울특별시,노원구　,20,0,37.6265077394,127.06197830459999,작은도서관,94.29,"37.6265077394, 127.06197830459999"
479,육사작은도서관,서울특별시,노원구　,40,0,37.6201219612,127.08941637299999,작은도서관,188.57,"37.6201219612, 127.08941637299999"
480,수락작은도서관,서울특별시,노원구　,39,0,37.6729096975,127.08323627700001,작은도서관,183.86,"37.6729096975, 127.08323627700001"
481,해솔작은도서관,서울특별시,노원구　,12,0,37.662979056,127.0693664138,작은도서관,56.57,"37.662979056, 127.0693664138"
482,반디작은도서관,서울특별시,노원구　,10,0,37.6667362667,127.0515525307,작은도서관,47.14,"37.6667362667, 127.0515525307"
483,한울작은도서관,서울특별시,노원구　,20,0,37.6645210633,127.0638187842,작은도서관,94.29,"37.6645210633, 127.0638187842"
484,가온작은도서관,서울특별시,노원구　,11,0,37.6612866101,127.0602618665,작은도서관,51.86,"37.6612866101, 127.0602618665"
485,노원문화원,서울특별시,노원구　,34,0,37.6287990843,127.06980136709998,작은도서관,160.29,"37.6287990843, 127.06980136709998"
486,상계숲속작은도서관,서울특별시,노원구　,60,0,37.6667362667,127.0515525307,작은도서관,282.86,"37.6667362667, 127.0515525307"
487,초안산숲속작은도서관,서울특별시,노원구　,50,0,37.632080144,127.04442759770001,작은도서관,235.71,"37.632080144, 127.04442759770001"
488,양재도서관,서울특별시,서초구,405,41261,37.473627,127.03362670700001,공공도서관,2985.0,"37.473627, 127.03362670700001"
489,서이도서관,서울특별시,서초구,100,28410,37.4920709977,127.024905,공공도서관,364.43,"37.4920709977, 127.024905"
490,잠원도서관,서울특별시,서초구,80,21968,37.5149691587,127.013922,공공도서관,313.74,"37.5149691587, 127.013922"
491,방배도서관,서울특별시,서초구,60,16302,37.4784395733,126.999945,공공도서관,264.0,"37.4784395733, 126.999945"
492,서초그림책도서관,서울특별시,서초구,100,13911,37.490693,127.0051019651,공공도서관,316.06,"37.490693, 127.0051019651"
493,반포도서관,서울특별시,서초구,450,141061,37.502488605100005,127.01253500000001,공공도서관,3593.48,"37.502488605100005, 127.01253500000001"
494,내곡도서관,서울특별시,서초구,250,52700,37.4520021701,127.0544427011,공공도서관,1528.0,"37.4520021701, 127.0544427011"
495,광진정보도서관,서울특별시,광진구,1295,280754,37.5510735461,127.1106136855,공공도서관,7283.0,"37.5510735461, 127.1106136855"
496,사랑꿈터 작은 도서관,서울특별시,은평구,20,4000,37.6463962,126.9263939,작은도서관,94.29,"37.6463962, 126.9263939"
497,용산 꿈나무도서관,서울특별시,용산구,150,36597,37.5385513,126.9654268,공공도서관,1104.0,"37.5385513, 126.9654268"
498,상림6 작은도서관,서울특별시,은평구,20,8701,37.6490888,126.9280755,작은도서관,94.29,"37.6490888, 126.9280755"
499,은평뉴타운 상림마을  제7단지 문고(푸른꿈),서울특별시,은평구,20,6024,37.6442098,126.9288736,작은도서관,94.29,"37.6442098, 126.9288736"
500,은평뉴타운5단지,서울특별시,은평구,36,4001,37.6362597,126.9356033,작은도서관,169.71,"37.6362597, 126.9356033"
501,모퉁이작은도서관(은평뉴타운 상림마을 14단지 마을문고),서울특별시,은평구,20,5283,37.6440244,126.9290277,작은도서관,94.29,"37.6440244, 126.9290277"
502,롯데캐슬문고,서울특별시,은평구,32,6406,37.5142479,127.1012726,작은도서관,150.86,"37.5142479, 127.1012726"
503,상림책마루작은도서관,서울특별시,은평구,35,5700,37.6440244,126.9290277,작은도서관,165.0,"37.6440244, 126.9290277"
504,우물골작은도서관,서울특별시,은평구,20,5203,37.6342946,126.927747,작은도서관,94.29,"37.6342946, 126.927747"
505,큰꿈(을 키우는 작은)도서관,서울특별시,은평구,55,8912,37.2797194,126.8511041,작은도서관,259.29,"37.2797194, 126.8511041"
506,래미안 푸른숲 도서관,서울특별시,은평구,28,7000,37.2811768,127.0666219,작은도서관,132.0,"37.2811768, 127.0666219"
507,두드림 도서관,서울특별시,은평구,30,6934,37.3829909,127.1220628,작은도서관,141.43,"37.3829909, 127.1220628"
508,종이책갈피 작은도서관,서울특별시,은평구,16,4110,37.5558027,126.9421554,작은도서관,75.43,"37.5558027, 126.9421554"
509,푸른작은도서관,서울특별시,은평구,25,6126,37.4144043,126.8801473,작은도서관,117.86,"37.4144043, 126.8801473"
510,솔빛도서관,서울특별시,은평구,12,1628,37.7712841,126.7783032,작은도서관,56.57,"37.7712841, 126.7783032"
511,샘터작은도서관,서울특별시,은평구,16,5282,37.246472,127.4914009,작은도서관,75.43,"37.246472, 127.4914009"
512,책뜰에도서관,서울특별시,은평구,60,7000,37.64329638160066,126.92207614232784,작은도서관,282.86,"37.64329638160066, 126.92207614232784"
513,숲속 향기 작은도서관,서울특별시,은평구,40,5920,37.6356894,126.9343788,작은도서관,188.57,"37.6356894, 126.9343788"
514,지혜누리작은도서관,서울특별시,은평구,20,2556,37.3398891,127.9220033,작은도서관,94.29,"37.3398891, 127.9220033"
515,산책마을 SH작은도서관,서울특별시,은평구,58,8599,37.6335037,126.9338975,작은도서관,273.43,"37.6335037, 126.9338975"
516,나누리작은도서관,서울특별시,은평구,30,2500,37.6325169,126.9250897,작은도서관,141.43,"37.6325169, 126.9250897"
517,두근두근작은도서관 (마고정 3단지 도서관),서울특별시,은평구,30,2400,37.6324903,126.918633,작은도서관,141.43,"37.6324903, 126.918633"
518,물푸레작은도서관,서울특별시,은평구,35,5000,37.6436577,126.9297365,작은도서관,78.0,"37.6436577, 126.9297365"
519,새자람작은도서관,서울특별시,은평구,10,1200,37.6555415,126.948206,작은도서관,47.14,"37.6555415, 126.948206"
520,포수마을 만화도서관,서울특별시,은평구,30,2051,37.5990065,126.9165033,작은도서관,141.43,"37.5990065, 126.9165033"
521,백련산힐스 작은도서관,서울특별시,은평구,22,3000,37.5969178,126.9235298,작은도서관,103.71,"37.5969178, 126.9235298"
522,영광영재도서관,서울특별시,은평구,50,7058,37.602983,126.9070533,작은도서관,235.71,"37.602983, 126.9070533"
523,물빛마을작은도서관,서울특별시,은평구,30,7903,35.105025,126.9050141,작은도서관,141.43,"35.105025, 126.9050141"
524,수색한숲도서관,서울특별시,은평구,20,4007,37.5865949,126.9003323,작은도서관,94.29,"37.5865949, 126.9003323"
525,다섯콩작은도서관,서울특별시,은평구,42,11661,37.6236469,126.9166613,작은도서관,198.0,"37.6236469, 126.9166613"
526,어린이도서관 동네북,서울특별시,은평구,50,11899,37.576478,126.967887,작은도서관,235.71,"37.576478, 126.967887"
527,북한산 힐스테이트  1차 솔숲문고,서울특별시,은평구,40,7015,37.6126118,126.9366945,작은도서관,188.57,"37.6126118, 126.9366945"
528,책달샘숲속작은도서관,서울특별시,금천구,14,2160,35.8471872,127.1405894,작은도서관,61.03,"35.8471872, 127.1405894"
529,자양한강도서관,서울특별시,광진구,370,26139,37.5296093,127.0779724,공공도서관,1650.0,"37.5296093, 127.0779724"
530,KB국민은행과 함께하는 나무작은도서관,서울특별시,노원구　,20,0,37.6538637,127.0601291,작은도서관,94.29,"37.6538637, 127.0601291"
531,메아리작은도서관,서울특별시,노원구　,14,0,37.6530716,127.057942,작은도서관,66.0,"37.6530716, 127.057942"
